pname,patch_id,Similarity_Score,rdist,class3,fixed_path,warped_path,ncc_downsample
12M2102884,12M2102884_10_7,0,0,0,/trinity/home/m.romanov/benchmarking/datasets/MIST_HER2/testB/12M2102884_10_7.jpg,/trinity/home/m.romanov/benchmarking/datasets/MIST_HER2/testA/12M2102884_10_7.jpg,0.16816797928516114
12M2102884,12M2102884_7_9,0,0,0,/trinity/home/m.romanov/benchmarking/datasets/MIST_HER2/testB/12M2102884_7_9.jpg,/trinity/home/m.romanov/benchmarking/datasets/MIST_HER2/testA/12M2102884_7_9.jpg,0.1964940771830642
48M2101314,48M2101314_40_34,0,0,0,/trinity/home/m.romanov/benchmarking/datasets/MIST_HER2/testB/48M2101314_40_34.jpg,/trinity/home/m.romanov/benchmarking/datasets/MIST_HER2/testA/48M2101314_40_34.jpg,0.034250848266738
57M2101034,57M2101034_5_20,0,0,0,/trinity/home/m.romanov/benchmarking/datasets/MIST_HER2/testB/57M2101034_5_20.jpg,/trinity/home/m.romanov/benchmarking/datasets/MIST_HER2/testA/57M2101034_5_20.jpg,0.12181628026020148
88M2100218,88M2100218_27_3,0,0,0,/trinity/home/m.romanov/benchmarking/datasets/MIST_HER2/testB/88M2100218_27_3.jpg,/trinity/home/m.romanov/benchmarking/datasets/MIST_HER2/testA/88M2100218_27_3.jpg,0.035652780936836
89M2100212,89M2100212_10_17,0,0,0,/trinity/home/m.romanov/benchmarking/datasets/MIST_HER2/testB/89M2100212_10_17.jpg,/trinity/home/m.romanov/benchmarking/datasets/MIST_HER2/testA/89M2100212_10_17.jpg,0.2750188172581377
89M2100212,89M2100212_11_18,0,0,0,/trinity/home/m.romanov/benchmarking/datasets/MIST_HER2/testB/89M2100212_11_18.jpg,/trinity/home/m.romanov/benchmarking/datasets/MIST_HER2/testA/89M2100212_11_18.jpg,0.21181251442437904
89M2100212,89M2100212_11_20,0,0,0,/trinity/home/m.romanov/benchmarking/datasets/MIST_HER2/testB/89M2100212_11_20.jpg,/trinity/home/m.romanov/benchmarking/datasets/MIST_HER2/testA/89M2100212_11_20.jpg,0.2076267324752139
89M2100212,89M2100212_12_22,0,0,0,/trinity/home/m.romanov/benchmarking/datasets/MIST_HER2/testB/89M2100212_12_22.jpg,/trinity/home/m.romanov/benchmarking/datasets/MIST_HER2/testA/89M2100212_12_22.jpg,0.15658244617441625
89M2100212,89M2100212_14_22,0,0,0,/trinity/home/m.romanov/benchmarking/datasets/MIST_HER2/testB/89M2100212_14_22.jpg,/trinity/home/m.romanov/benchmarking/datasets/MIST_HER2/testA/89M2100212_14_22.jpg,0.2814097708597979
89M2100212,89M2100212_16_11,0,0,0,/trinity/home/m.romanov/benchmarking/datasets/MIST_HER2/testB/89M2100212_16_11.jpg,/trinity/home/m.romanov/benchmarking/datasets/MIST_HER2/testA/89M2100212_16_11.jpg,0.336565228711047
89M2100212,89M2100212_3_13,0,0,0,/trinity/home/m.romanov/benchmarking/datasets/MIST_HER2/testB/89M2100212_3_13.jpg,/trinity/home/m.romanov/benchmarking/datasets/MIST_HER2/testA/89M2100212_3_13.jpg,0.30572936336274475
89M2100212,89M2100212_9_16,0,0,0,/trinity/home/m.romanov/benchmarking/datasets/MIST_HER2/testB/89M2100212_9_16.jpg,/trinity/home/m.romanov/benchmarking/datasets/MIST_HER2/testA/89M2100212_9_16.jpg,0.39964005809806097
100M2004069,100M2004069_10_9,0,0,1,/trinity/home/m.romanov/benchmarking/datasets/MIST_HER2/testB/100M2004069_10_9.jpg,/trinity/home/m.romanov/benchmarking/datasets/MIST_HER2/testA/100M2004069_10_9.jpg,0.11642697908441194
100M2004069,100M2004069_16_30,0,0,1,/trinity/home/m.romanov/benchmarking/datasets/MIST_HER2/testB/100M2004069_16_30.jpg,/trinity/home/m.romanov/benchmarking/datasets/MIST_HER2/testA/100M2004069_16_30.jpg,0.06548155491468396
100M2004069,100M2004069_21_29,0,0,1,/trinity/home/m.romanov/benchmarking/datasets/MIST_HER2/testB/100M2004069_21_29.jpg,/trinity/home/m.romanov/benchmarking/datasets/MIST_HER2/testA/100M2004069_21_29.jpg,0.1033290990032158
100M2004069,100M2004069_26_23,0,0,1,/trinity/home/m.romanov/benchmarking/datasets/MIST_HER2/testB/100M2004069_26_23.jpg,/trinity/home/m.romanov/benchmarking/datasets/MIST_HER2/testA/100M2004069_26_23.jpg,0.08426606017517156
100M2004069,100M2004069_32_27,0,0,1,/trinity/home/m.romanov/benchmarking/datasets/MIST_HER2/testB/100M2004069_32_27.jpg,/trinity/home/m.romanov/benchmarking/datasets/MIST_HER2/testA/100M2004069_32_27.jpg,0.029421015184818017
10M2102916,10M2102916_14_4,0,0,1,/trinity/home/m.romanov/benchmarking/datasets/MIST_HER2/testB/10M2102916_14_4.jpg,/trinity/home/m.romanov/benchmarking/datasets/MIST_HER2/testA/10M2102916_14_4.jpg,0.2855452462968685
10M2102916,10M2102916_17_14,0,0,1,/trinity/home/m.romanov/benchmarking/datasets/MIST_HER2/testB/10M2102916_17_14.jpg,/trinity/home/m.romanov/benchmarking/datasets/MIST_HER2/testA/10M2102916_17_14.jpg,0.009612157355431958
12M2102884,12M2102884_18_4,0,0,1,/trinity/home/m.romanov/benchmarking/datasets/MIST_HER2/testB/12M2102884_18_4.jpg,/trinity/home/m.romanov/benchmarking/datasets/MIST_HER2/testA/12M2102884_18_4.jpg,0.0915570026426416
12M2102884,12M2102884_6_5,0,0,1,/trinity/home/m.romanov/benchmarking/datasets/MIST_HER2/testB/12M2102884_6_5.jpg,/trinity/home/m.romanov/benchmarking/datasets/MIST_HER2/testA/12M2102884_6_5.jpg,0.18771489046531853
12M2102884,12M2102884_8_9,0,0,1,/trinity/home/m.romanov/benchmarking/datasets/MIST_HER2/testB/12M2102884_8_9.jpg,/trinity/home/m.romanov/benchmarking/datasets/MIST_HER2/testA/12M2102884_8_9.jpg,0.0873505676052765
14M2102785,14M2102785_14_9,0,0,1,/trinity/home/m.romanov/benchmarking/datasets/MIST_HER2/testB/14M2102785_14_9.jpg,/trinity/home/m.romanov/benchmarking/datasets/MIST_HER2/testA/14M2102785_14_9.jpg,0.2357434235560362
15M2102762,15M2102762_14_15,0,0,1,/trinity/home/m.romanov/benchmarking/datasets/MIST_HER2/testB/15M2102762_14_15.jpg,/trinity/home/m.romanov/benchmarking/datasets/MIST_HER2/testA/15M2102762_14_15.jpg,0.2764271909797324
15M2102762,15M2102762_15_21,0,0,1,/trinity/home/m.romanov/benchmarking/datasets/MIST_HER2/testB/15M2102762_15_21.jpg,/trinity/home/m.romanov/benchmarking/datasets/MIST_HER2/testA/15M2102762_15_21.jpg,0.2688975160980839
15M2102762,15M2102762_15_26,0,0,1,/trinity/home/m.romanov/benchmarking/datasets/MIST_HER2/testB/15M2102762_15_26.jpg,/trinity/home/m.romanov/benchmarking/datasets/MIST_HER2/testA/15M2102762_15_26.jpg,0.27775018072197233
15M2102762,15M2102762_19_20,0,0,1,/trinity/home/m.romanov/benchmarking/datasets/MIST_HER2/testB/15M2102762_19_20.jpg,/trinity/home/m.romanov/benchmarking/datasets/MIST_HER2/testA/15M2102762_19_20.jpg,0.26827068146011906
15M2102762,15M2102762_21_24,0,0,1,/trinity/home/m.romanov/benchmarking/datasets/MIST_HER2/testB/15M2102762_21_24.jpg,/trinity/home/m.romanov/benchmarking/datasets/MIST_HER2/testA/15M2102762_21_24.jpg,0.2397294248749728
15M2102762,15M2102762_26_10,0,0,1,/trinity/home/m.romanov/benchmarking/datasets/MIST_HER2/testB/15M2102762_26_10.jpg,/trinity/home/m.romanov/benchmarking/datasets/MIST_HER2/testA/15M2102762_26_10.jpg,0.15596204886264367
15M2102762,15M2102762_2_22,0,0,1,/trinity/home/m.romanov/benchmarking/datasets/MIST_HER2/testB/15M2102762_2_22.jpg,/trinity/home/m.romanov/benchmarking/datasets/MIST_HER2/testA/15M2102762_2_22.jpg,0.21790706789805564
15M2102762,15M2102762_6_23,0,0,1,/trinity/home/m.romanov/benchmarking/datasets/MIST_HER2/testB/15M2102762_6_23.jpg,/trinity/home/m.romanov/benchmarking/datasets/MIST_HER2/testA/15M2102762_6_23.jpg,0.20961518081257174
15M2102762,15M2102762_8_22,0,0,1,/trinity/home/m.romanov/benchmarking/datasets/MIST_HER2/testB/15M2102762_8_22.jpg,/trinity/home/m.romanov/benchmarking/datasets/MIST_HER2/testA/15M2102762_8_22.jpg,0.15059947302140433
23M2102136,23M2102136_13_16,0,0,1,/trinity/home/m.romanov/benchmarking/datasets/MIST_HER2/testB/23M2102136_13_16.jpg,/trinity/home/m.romanov/benchmarking/datasets/MIST_HER2/testA/23M2102136_13_16.jpg,0.04910044475963501
27M2102007,27M2102007_5_29,0,0,1,/trinity/home/m.romanov/benchmarking/datasets/MIST_HER2/testB/27M2102007_5_29.jpg,/trinity/home/m.romanov/benchmarking/datasets/MIST_HER2/testA/27M2102007_5_29.jpg,0.008116948648376077
27M2102007,27M2102007_6_24,0,0,1,/trinity/home/m.romanov/benchmarking/datasets/MIST_HER2/testB/27M2102007_6_24.jpg,/trinity/home/m.romanov/benchmarking/datasets/MIST_HER2/testA/27M2102007_6_24.jpg,0.01786245141606871
27M2102007,27M2102007_8_22,0,0,1,/trinity/home/m.romanov/benchmarking/datasets/MIST_HER2/testB/27M2102007_8_22.jpg,/trinity/home/m.romanov/benchmarking/datasets/MIST_HER2/testA/27M2102007_8_22.jpg,0.014308586351545244
28M2101987,28M2101987_14_25,0,0,1,/trinity/home/m.romanov/benchmarking/datasets/MIST_HER2/testB/28M2101987_14_25.jpg,/trinity/home/m.romanov/benchmarking/datasets/MIST_HER2/testA/28M2101987_14_25.jpg,0.29441579238240195
28M2101987,28M2101987_20_17,0,0,1,/trinity/home/m.romanov/benchmarking/datasets/MIST_HER2/testB/28M2101987_20_17.jpg,/trinity/home/m.romanov/benchmarking/datasets/MIST_HER2/testA/28M2101987_20_17.jpg,0.07813201847369565
28M2101987,28M2101987_25_15,0,0,1,/trinity/home/m.romanov/benchmarking/datasets/MIST_HER2/testB/28M2101987_25_15.jpg,/trinity/home/m.romanov/benchmarking/datasets/MIST_HER2/testA/28M2101987_25_15.jpg,0.18715704846686732
28M2101987,28M2101987_8_16,0,0,1,/trinity/home/m.romanov/benchmarking/datasets/MIST_HER2/testB/28M2101987_8_16.jpg,/trinity/home/m.romanov/benchmarking/datasets/MIST_HER2/testA/28M2101987_8_16.jpg,0.01684494595685847
2M2103108,2M2103108_13_15,0,0,1,/trinity/home/m.romanov/benchmarking/datasets/MIST_HER2/testB/2M2103108_13_15.jpg,/trinity/home/m.romanov/benchmarking/datasets/MIST_HER2/testA/2M2103108_13_15.jpg,0.045668988544658826
2M2103108,2M2103108_31_18,0,0,1,/trinity/home/m.romanov/benchmarking/datasets/MIST_HER2/testB/2M2103108_31_18.jpg,/trinity/home/m.romanov/benchmarking/datasets/MIST_HER2/testA/2M2103108_31_18.jpg,0.05627121635424177
2M2103108,2M2103108_6_14,0,0,1,/trinity/home/m.romanov/benchmarking/datasets/MIST_HER2/testB/2M2103108_6_14.jpg,/trinity/home/m.romanov/benchmarking/datasets/MIST_HER2/testA/2M2103108_6_14.jpg,0.06790316675917342
31M2101871,31M2101871_17_22,0,0,1,/trinity/home/m.romanov/benchmarking/datasets/MIST_HER2/testB/31M2101871_17_22.jpg,/trinity/home/m.romanov/benchmarking/datasets/MIST_HER2/testA/31M2101871_17_22.jpg,0.438327673254674
31M2101871,31M2101871_33_9,0,0,1,/trinity/home/m.romanov/benchmarking/datasets/MIST_HER2/testB/31M2101871_33_9.jpg,/trinity/home/m.romanov/benchmarking/datasets/MIST_HER2/testA/31M2101871_33_9.jpg,0.3203196823870941
31M2101871,31M2101871_35_16,0,0,1,/trinity/home/m.romanov/benchmarking/datasets/MIST_HER2/testB/31M2101871_35_16.jpg,/trinity/home/m.romanov/benchmarking/datasets/MIST_HER2/testA/31M2101871_35_16.jpg,0.3869305410119667
31M2101871,31M2101871_38_15,0,0,1,/trinity/home/m.romanov/benchmarking/datasets/MIST_HER2/testB/31M2101871_38_15.jpg,/trinity/home/m.romanov/benchmarking/datasets/MIST_HER2/testA/31M2101871_38_15.jpg,0.4513004948634905
31M2101871,31M2101871_5_19,0,0,1,/trinity/home/m.romanov/benchmarking/datasets/MIST_HER2/testB/31M2101871_5_19.jpg,/trinity/home/m.romanov/benchmarking/datasets/MIST_HER2/testA/31M2101871_5_19.jpg,0.20065914643915725
31M2101871,31M2101871_6_17,0,0,1,/trinity/home/m.romanov/benchmarking/datasets/MIST_HER2/testB/31M2101871_6_17.jpg,/trinity/home/m.romanov/benchmarking/datasets/MIST_HER2/testA/31M2101871_6_17.jpg,0.36879346387277173
31M2101871,31M2101871_8_17,0,0,1,/trinity/home/m.romanov/benchmarking/datasets/MIST_HER2/testB/31M2101871_8_17.jpg,/trinity/home/m.romanov/benchmarking/datasets/MIST_HER2/testA/31M2101871_8_17.jpg,0.34281402469262956
33M2101839,33M2101839_3_9,0,0,1,/trinity/home/m.romanov/benchmarking/datasets/MIST_HER2/testB/33M2101839_3_9.jpg,/trinity/home/m.romanov/benchmarking/datasets/MIST_HER2/testA/33M2101839_3_9.jpg,0.32183787808562503
39M2101576,39M2101576_20_12,0,0,1,/trinity/home/m.romanov/benchmarking/datasets/MIST_HER2/testB/39M2101576_20_12.jpg,/trinity/home/m.romanov/benchmarking/datasets/MIST_HER2/testA/39M2101576_20_12.jpg,0.22572378494276024
39M2101576,39M2101576_20_3,0,0,1,/trinity/home/m.romanov/benchmarking/datasets/MIST_HER2/testB/39M2101576_20_3.jpg,/trinity/home/m.romanov/benchmarking/datasets/MIST_HER2/testA/39M2101576_20_3.jpg,0.21890515148220627
39M2101576,39M2101576_22_17,0,0,1,/trinity/home/m.romanov/benchmarking/datasets/MIST_HER2/testB/39M2101576_22_17.jpg,/trinity/home/m.romanov/benchmarking/datasets/MIST_HER2/testA/39M2101576_22_17.jpg,0.3790148351758391
39M2101576,39M2101576_8_27,0,0,1,/trinity/home/m.romanov/benchmarking/datasets/MIST_HER2/testB/39M2101576_8_27.jpg,/trinity/home/m.romanov/benchmarking/datasets/MIST_HER2/testA/39M2101576_8_27.jpg,0.08366685239544829
40M2101566,40M2101566_16_27,0,0,1,/trinity/home/m.romanov/benchmarking/datasets/MIST_HER2/testB/40M2101566_16_27.jpg,/trinity/home/m.romanov/benchmarking/datasets/MIST_HER2/testA/40M2101566_16_27.jpg,0.3538816063656096
40M2101566,40M2101566_26_26,0,0,1,/trinity/home/m.romanov/benchmarking/datasets/MIST_HER2/testB/40M2101566_26_26.jpg,/trinity/home/m.romanov/benchmarking/datasets/MIST_HER2/testA/40M2101566_26_26.jpg,0.48908953677000716
40M2101566,40M2101566_34_26,0,0,1,/trinity/home/m.romanov/benchmarking/datasets/MIST_HER2/testB/40M2101566_34_26.jpg,/trinity/home/m.romanov/benchmarking/datasets/MIST_HER2/testA/40M2101566_34_26.jpg,0.23483291443029186
40M2101566,40M2101566_35_16,0,0,1,/trinity/home/m.romanov/benchmarking/datasets/MIST_HER2/testB/40M2101566_35_16.jpg,/trinity/home/m.romanov/benchmarking/datasets/MIST_HER2/testA/40M2101566_35_16.jpg,0.4786355276509386
40M2101566,40M2101566_35_37,0,0,1,/trinity/home/m.romanov/benchmarking/datasets/MIST_HER2/testB/40M2101566_35_37.jpg,/trinity/home/m.romanov/benchmarking/datasets/MIST_HER2/testA/40M2101566_35_37.jpg,0.3449066027416334
40M2101566,40M2101566_40_33,0,0,1,/trinity/home/m.romanov/benchmarking/datasets/MIST_HER2/testB/40M2101566_40_33.jpg,/trinity/home/m.romanov/benchmarking/datasets/MIST_HER2/testA/40M2101566_40_33.jpg,0.4014318997646323
40M2101566,40M2101566_41_31,0,0,1,/trinity/home/m.romanov/benchmarking/datasets/MIST_HER2/testB/40M2101566_41_31.jpg,/trinity/home/m.romanov/benchmarking/datasets/MIST_HER2/testA/40M2101566_41_31.jpg,0.3258452626524454
45M2101377,45M2101377_18_20,0,0,1,/trinity/home/m.romanov/benchmarking/datasets/MIST_HER2/testB/45M2101377_18_20.jpg,/trinity/home/m.romanov/benchmarking/datasets/MIST_HER2/testA/45M2101377_18_20.jpg,0.4578145027237042
48M2101314,48M2101314_13_27,0,0,1,/trinity/home/m.romanov/benchmarking/datasets/MIST_HER2/testB/48M2101314_13_27.jpg,/trinity/home/m.romanov/benchmarking/datasets/MIST_HER2/testA/48M2101314_13_27.jpg,0.16390584349477194
48M2101314,48M2101314_2_17,0,0,1,/trinity/home/m.romanov/benchmarking/datasets/MIST_HER2/testB/48M2101314_2_17.jpg,/trinity/home/m.romanov/benchmarking/datasets/MIST_HER2/testA/48M2101314_2_17.jpg,0.24288867681475376
48M2101314,48M2101314_4_7,0,0,1,/trinity/home/m.romanov/benchmarking/datasets/MIST_HER2/testB/48M2101314_4_7.jpg,/trinity/home/m.romanov/benchmarking/datasets/MIST_HER2/testA/48M2101314_4_7.jpg,0.22823474449060244
48M2101314,48M2101314_8_30,0,0,1,/trinity/home/m.romanov/benchmarking/datasets/MIST_HER2/testB/48M2101314_8_30.jpg,/trinity/home/m.romanov/benchmarking/datasets/MIST_HER2/testA/48M2101314_8_30.jpg,0.15751575416375793
48M2101314,48M2101314_9_28,0,0,1,/trinity/home/m.romanov/benchmarking/datasets/MIST_HER2/testB/48M2101314_9_28.jpg,/trinity/home/m.romanov/benchmarking/datasets/MIST_HER2/testA/48M2101314_9_28.jpg,0.22068446122440805
4M2103059,4M2103059_16_12,0,0,1,/trinity/home/m.romanov/benchmarking/datasets/MIST_HER2/testB/4M2103059_16_12.jpg,/trinity/home/m.romanov/benchmarking/datasets/MIST_HER2/testA/4M2103059_16_12.jpg,0.045420547986928884
50M2101298,50M2101298_25_5,0,0,1,/trinity/home/m.romanov/benchmarking/datasets/MIST_HER2/testB/50M2101298_25_5.jpg,/trinity/home/m.romanov/benchmarking/datasets/MIST_HER2/testA/50M2101298_25_5.jpg,0.11374227878486169
51M2101285,51M2101285_22_14,0,0,1,/trinity/home/m.romanov/benchmarking/datasets/MIST_HER2/testB/51M2101285_22_14.jpg,/trinity/home/m.romanov/benchmarking/datasets/MIST_HER2/testA/51M2101285_22_14.jpg,0.30953862133453874
56M2101083,56M2101083_15_6,0,0,1,/trinity/home/m.romanov/benchmarking/datasets/MIST_HER2/testB/56M2101083_15_6.jpg,/trinity/home/m.romanov/benchmarking/datasets/MIST_HER2/testA/56M2101083_15_6.jpg,0.23430418941188585
57M2101034,57M2101034_12_17,0,0,1,/trinity/home/m.romanov/benchmarking/datasets/MIST_HER2/testB/57M2101034_12_17.jpg,/trinity/home/m.romanov/benchmarking/datasets/MIST_HER2/testA/57M2101034_12_17.jpg,0.30758218081352545
57M2101034,57M2101034_12_7,0,0,1,/trinity/home/m.romanov/benchmarking/datasets/MIST_HER2/testB/57M2101034_12_7.jpg,/trinity/home/m.romanov/benchmarking/datasets/MIST_HER2/testA/57M2101034_12_7.jpg,0.3418341801993568
57M2101034,57M2101034_15_3,0,0,1,/trinity/home/m.romanov/benchmarking/datasets/MIST_HER2/testB/57M2101034_15_3.jpg,/trinity/home/m.romanov/benchmarking/datasets/MIST_HER2/testA/57M2101034_15_3.jpg,0.31238672094047903
57M2101034,57M2101034_16_24,0,0,1,/trinity/home/m.romanov/benchmarking/datasets/MIST_HER2/testB/57M2101034_16_24.jpg,/trinity/home/m.romanov/benchmarking/datasets/MIST_HER2/testA/57M2101034_16_24.jpg,0.2706748141758506
57M2101034,57M2101034_16_4,0,0,1,/trinity/home/m.romanov/benchmarking/datasets/MIST_HER2/testB/57M2101034_16_4.jpg,/trinity/home/m.romanov/benchmarking/datasets/MIST_HER2/testA/57M2101034_16_4.jpg,0.3958042759581602
57M2101034,57M2101034_17_23,0,0,1,/trinity/home/m.romanov/benchmarking/datasets/MIST_HER2/testB/57M2101034_17_23.jpg,/trinity/home/m.romanov/benchmarking/datasets/MIST_HER2/testA/57M2101034_17_23.jpg,0.24107998187058208
57M2101034,57M2101034_19_20,0,0,1,/trinity/home/m.romanov/benchmarking/datasets/MIST_HER2/testB/57M2101034_19_20.jpg,/trinity/home/m.romanov/benchmarking/datasets/MIST_HER2/testA/57M2101034_19_20.jpg,0.30692876240258177
57M2101034,57M2101034_21_14,0,0,1,/trinity/home/m.romanov/benchmarking/datasets/MIST_HER2/testB/57M2101034_21_14.jpg,/trinity/home/m.romanov/benchmarking/datasets/MIST_HER2/testA/57M2101034_21_14.jpg,0.3104386847064388
57M2101034,57M2101034_21_19,0,0,1,/trinity/home/m.romanov/benchmarking/datasets/MIST_HER2/testB/57M2101034_21_19.jpg,/trinity/home/m.romanov/benchmarking/datasets/MIST_HER2/testA/57M2101034_21_19.jpg,0.3176344530943035
57M2101034,57M2101034_30_15,0,0,1,/trinity/home/m.romanov/benchmarking/datasets/MIST_HER2/testB/57M2101034_30_15.jpg,/trinity/home/m.romanov/benchmarking/datasets/MIST_HER2/testA/57M2101034_30_15.jpg,0.5123396986568399
57M2101034,57M2101034_31_28,0,0,1,/trinity/home/m.romanov/benchmarking/datasets/MIST_HER2/testB/57M2101034_31_28.jpg,/trinity/home/m.romanov/benchmarking/datasets/MIST_HER2/testA/57M2101034_31_28.jpg,0.29837984420716934
57M2101034,57M2101034_8_27,0,0,1,/trinity/home/m.romanov/benchmarking/datasets/MIST_HER2/testB/57M2101034_8_27.jpg,/trinity/home/m.romanov/benchmarking/datasets/MIST_HER2/testA/57M2101034_8_27.jpg,0.4029794806651331
60M2100980,60M2100980_37_15,0,0,1,/trinity/home/m.romanov/benchmarking/datasets/MIST_HER2/testB/60M2100980_37_15.jpg,/trinity/home/m.romanov/benchmarking/datasets/MIST_HER2/testA/60M2100980_37_15.jpg,0.34227615032634856
65M2100668,65M2100668_17_23,0,0,1,/trinity/home/m.romanov/benchmarking/datasets/MIST_HER2/testB/65M2100668_17_23.jpg,/trinity/home/m.romanov/benchmarking/datasets/MIST_HER2/testA/65M2100668_17_23.jpg,0.18248447352685365
68M2100640,68M2100640_15_8,0,0,1,/trinity/home/m.romanov/benchmarking/datasets/MIST_HER2/testB/68M2100640_15_8.jpg,/trinity/home/m.romanov/benchmarking/datasets/MIST_HER2/testA/68M2100640_15_8.jpg,0.1650164461763236
68M2100640,68M2100640_26_25,0,0,1,/trinity/home/m.romanov/benchmarking/datasets/MIST_HER2/testB/68M2100640_26_25.jpg,/trinity/home/m.romanov/benchmarking/datasets/MIST_HER2/testA/68M2100640_26_25.jpg,0.20259023998828882
68M2100640,68M2100640_8_18,0,0,1,/trinity/home/m.romanov/benchmarking/datasets/MIST_HER2/testB/68M2100640_8_18.jpg,/trinity/home/m.romanov/benchmarking/datasets/MIST_HER2/testA/68M2100640_8_18.jpg,0.0620715713548998
69M2100632,69M2100632_29_9,0,0,1,/trinity/home/m.romanov/benchmarking/datasets/MIST_HER2/testB/69M2100632_29_9.jpg,/trinity/home/m.romanov/benchmarking/datasets/MIST_HER2/testA/69M2100632_29_9.jpg,0.2868602489862403
6M2103024,6M2103024_14_15,0,0,1,/trinity/home/m.romanov/benchmarking/datasets/MIST_HER2/testB/6M2103024_14_15.jpg,/trinity/home/m.romanov/benchmarking/datasets/MIST_HER2/testA/6M2103024_14_15.jpg,0.2955215223656554
6M2103024,6M2103024_18_16,0,0,1,/trinity/home/m.romanov/benchmarking/datasets/MIST_HER2/testB/6M2103024_18_16.jpg,/trinity/home/m.romanov/benchmarking/datasets/MIST_HER2/testA/6M2103024_18_16.jpg,0.2908014721449743
6M2103024,6M2103024_22_18,0,0,1,/trinity/home/m.romanov/benchmarking/datasets/MIST_HER2/testB/6M2103024_22_18.jpg,/trinity/home/m.romanov/benchmarking/datasets/MIST_HER2/testA/6M2103024_22_18.jpg,0.07379061565395605
6M2103024,6M2103024_8_22,0,0,1,/trinity/home/m.romanov/benchmarking/datasets/MIST_HER2/testB/6M2103024_8_22.jpg,/trinity/home/m.romanov/benchmarking/datasets/MIST_HER2/testA/6M2103024_8_22.jpg,0.11388305804227082
70M2100623,70M2100623_23_21,0,0,1,/trinity/home/m.romanov/benchmarking/datasets/MIST_HER2/testB/70M2100623_23_21.jpg,/trinity/home/m.romanov/benchmarking/datasets/MIST_HER2/testA/70M2100623_23_21.jpg,0.06909747703305066
70M2100623,70M2100623_28_22,0,0,1,/trinity/home/m.romanov/benchmarking/datasets/MIST_HER2/testB/70M2100623_28_22.jpg,/trinity/home/m.romanov/benchmarking/datasets/MIST_HER2/testA/70M2100623_28_22.jpg,0.0739151525837043
70M2100623,70M2100623_35_10,0,0,1,/trinity/home/m.romanov/benchmarking/datasets/MIST_HER2/testB/70M2100623_35_10.jpg,/trinity/home/m.romanov/benchmarking/datasets/MIST_HER2/testA/70M2100623_35_10.jpg,0.0023858521808409437
74M2100526,74M2100526_12_14,0,0,1,/trinity/home/m.romanov/benchmarking/datasets/MIST_HER2/testB/74M2100526_12_14.jpg,/trinity/home/m.romanov/benchmarking/datasets/MIST_HER2/testA/74M2100526_12_14.jpg,0.044700219381692434
74M2100526,74M2100526_15_29,0,0,1,/trinity/home/m.romanov/benchmarking/datasets/MIST_HER2/testB/74M2100526_15_29.jpg,/trinity/home/m.romanov/benchmarking/datasets/MIST_HER2/testA/74M2100526_15_29.jpg,0.2429608434137093
74M2100526,74M2100526_17_28,0,0,1,/trinity/home/m.romanov/benchmarking/datasets/MIST_HER2/testB/74M2100526_17_28.jpg,/trinity/home/m.romanov/benchmarking/datasets/MIST_HER2/testA/74M2100526_17_28.jpg,0.409088443616652
74M2100526,74M2100526_19_21,0,0,1,/trinity/home/m.romanov/benchmarking/datasets/MIST_HER2/testB/74M2100526_19_21.jpg,/trinity/home/m.romanov/benchmarking/datasets/MIST_HER2/testA/74M2100526_19_21.jpg,0.18538347569360997
79M2100417,79M2100417_9_19,0,0,1,/trinity/home/m.romanov/benchmarking/datasets/MIST_HER2/testB/79M2100417_9_19.jpg,/trinity/home/m.romanov/benchmarking/datasets/MIST_HER2/testA/79M2100417_9_19.jpg,0.23335039224774262
80M2100377,80M2100377_17_18,0,0,1,/trinity/home/m.romanov/benchmarking/datasets/MIST_HER2/testB/80M2100377_17_18.jpg,/trinity/home/m.romanov/benchmarking/datasets/MIST_HER2/testA/80M2100377_17_18.jpg,0.15155550536825318
81M2100356,81M2100356_17_14,0,0,1,/trinity/home/m.romanov/benchmarking/datasets/MIST_HER2/testB/81M2100356_17_14.jpg,/trinity/home/m.romanov/benchmarking/datasets/MIST_HER2/testA/81M2100356_17_14.jpg,0.09822476872117508
81M2100356,81M2100356_20_29,0,0,1,/trinity/home/m.romanov/benchmarking/datasets/MIST_HER2/testB/81M2100356_20_29.jpg,/trinity/home/m.romanov/benchmarking/datasets/MIST_HER2/testA/81M2100356_20_29.jpg,0.1726711273760886
81M2100356,81M2100356_24_34,0,0,1,/trinity/home/m.romanov/benchmarking/datasets/MIST_HER2/testB/81M2100356_24_34.jpg,/trinity/home/m.romanov/benchmarking/datasets/MIST_HER2/testA/81M2100356_24_34.jpg,0.18533912966873042
83M2100256,83M2100256_3_19,0,0,1,/trinity/home/m.romanov/benchmarking/datasets/MIST_HER2/testB/83M2100256_3_19.jpg,/trinity/home/m.romanov/benchmarking/datasets/MIST_HER2/testA/83M2100256_3_19.jpg,0.38093896985614717
88M2100218,88M2100218_10_29,0,0,1,/trinity/home/m.romanov/benchmarking/datasets/MIST_HER2/testB/88M2100218_10_29.jpg,/trinity/home/m.romanov/benchmarking/datasets/MIST_HER2/testA/88M2100218_10_29.jpg,0.00559627350637343
88M2100218,88M2100218_11_14,0,0,1,/trinity/home/m.romanov/benchmarking/datasets/MIST_HER2/testB/88M2100218_11_14.jpg,/trinity/home/m.romanov/benchmarking/datasets/MIST_HER2/testA/88M2100218_11_14.jpg,0.2253988638834529
88M2100218,88M2100218_17_5,0,0,1,/trinity/home/m.romanov/benchmarking/datasets/MIST_HER2/testB/88M2100218_17_5.jpg,/trinity/home/m.romanov/benchmarking/datasets/MIST_HER2/testA/88M2100218_17_5.jpg,0.14089836284489762
88M2100218,88M2100218_23_8,0,0,1,/trinity/home/m.romanov/benchmarking/datasets/MIST_HER2/testB/88M2100218_23_8.jpg,/trinity/home/m.romanov/benchmarking/datasets/MIST_HER2/testA/88M2100218_23_8.jpg,0.1427923672623339
88M2100218,88M2100218_26_16,0,0,1,/trinity/home/m.romanov/benchmarking/datasets/MIST_HER2/testB/88M2100218_26_16.jpg,/trinity/home/m.romanov/benchmarking/datasets/MIST_HER2/testA/88M2100218_26_16.jpg,0.08898644567325849
88M2100218,88M2100218_27_7,0,0,1,/trinity/home/m.romanov/benchmarking/datasets/MIST_HER2/testB/88M2100218_27_7.jpg,/trinity/home/m.romanov/benchmarking/datasets/MIST_HER2/testA/88M2100218_27_7.jpg,0.09910689847716704
88M2100218,88M2100218_31_20,0,0,1,/trinity/home/m.romanov/benchmarking/datasets/MIST_HER2/testB/88M2100218_31_20.jpg,/trinity/home/m.romanov/benchmarking/datasets/MIST_HER2/testA/88M2100218_31_20.jpg,0.10742564500816348
89M2100212,89M2100212_10_18,0,0,1,/trinity/home/m.romanov/benchmarking/datasets/MIST_HER2/testB/89M2100212_10_18.jpg,/trinity/home/m.romanov/benchmarking/datasets/MIST_HER2/testA/89M2100212_10_18.jpg,0.2202704457824546
89M2100212,89M2100212_26_23,0,0,1,/trinity/home/m.romanov/benchmarking/datasets/MIST_HER2/testB/89M2100212_26_23.jpg,/trinity/home/m.romanov/benchmarking/datasets/MIST_HER2/testA/89M2100212_26_23.jpg,0.4809509385144749
89M2100212,89M2100212_3_20,0,0,1,/trinity/home/m.romanov/benchmarking/datasets/MIST_HER2/testB/89M2100212_3_20.jpg,/trinity/home/m.romanov/benchmarking/datasets/MIST_HER2/testA/89M2100212_3_20.jpg,0.3889887866546122
89M2100212,89M2100212_5_11,0,0,1,/trinity/home/m.romanov/benchmarking/datasets/MIST_HER2/testB/89M2100212_5_11.jpg,/trinity/home/m.romanov/benchmarking/datasets/MIST_HER2/testA/89M2100212_5_11.jpg,0.38076760584871616
89M2100212,89M2100212_5_16,0,0,1,/trinity/home/m.romanov/benchmarking/datasets/MIST_HER2/testB/89M2100212_5_16.jpg,/trinity/home/m.romanov/benchmarking/datasets/MIST_HER2/testA/89M2100212_5_16.jpg,0.18194984762610483
89M2100212,89M2100212_5_21,0,0,1,/trinity/home/m.romanov/benchmarking/datasets/MIST_HER2/testB/89M2100212_5_21.jpg,/trinity/home/m.romanov/benchmarking/datasets/MIST_HER2/testA/89M2100212_5_21.jpg,0.22730581745936376
89M2100212,89M2100212_9_17,0,0,1,/trinity/home/m.romanov/benchmarking/datasets/MIST_HER2/testB/89M2100212_9_17.jpg,/trinity/home/m.romanov/benchmarking/datasets/MIST_HER2/testA/89M2100212_9_17.jpg,0.3826000682356576
89M2100212,89M2100212_9_22,0,0,1,/trinity/home/m.romanov/benchmarking/datasets/MIST_HER2/testB/89M2100212_9_22.jpg,/trinity/home/m.romanov/benchmarking/datasets/MIST_HER2/testA/89M2100212_9_22.jpg,0.2825720360642855
92M2100150,92M2100150_13_16,0,0,1,/trinity/home/m.romanov/benchmarking/datasets/MIST_HER2/testB/92M2100150_13_16.jpg,/trinity/home/m.romanov/benchmarking/datasets/MIST_HER2/testA/92M2100150_13_16.jpg,0.032537718559145196
92M2100150,92M2100150_13_8,0,0,1,/trinity/home/m.romanov/benchmarking/datasets/MIST_HER2/testB/92M2100150_13_8.jpg,/trinity/home/m.romanov/benchmarking/datasets/MIST_HER2/testA/92M2100150_13_8.jpg,0.058753058922038734
92M2100150,92M2100150_18_30,0,0,1,/trinity/home/m.romanov/benchmarking/datasets/MIST_HER2/testB/92M2100150_18_30.jpg,/trinity/home/m.romanov/benchmarking/datasets/MIST_HER2/testA/92M2100150_18_30.jpg,0.2237601173309987
92M2100150,92M2100150_20_18,0,0,1,/trinity/home/m.romanov/benchmarking/datasets/MIST_HER2/testB/92M2100150_20_18.jpg,/trinity/home/m.romanov/benchmarking/datasets/MIST_HER2/testA/92M2100150_20_18.jpg,0.09522772399034114
92M2100150,92M2100150_20_29,0,0,1,/trinity/home/m.romanov/benchmarking/datasets/MIST_HER2/testB/92M2100150_20_29.jpg,/trinity/home/m.romanov/benchmarking/datasets/MIST_HER2/testA/92M2100150_20_29.jpg,0.45859055815909633
93M2100147,93M2100147_13_10,0,0,1,/trinity/home/m.romanov/benchmarking/datasets/MIST_HER2/testB/93M2100147_13_10.jpg,/trinity/home/m.romanov/benchmarking/datasets/MIST_HER2/testA/93M2100147_13_10.jpg,0.12998353355801986
93M2100147,93M2100147_13_22,0,0,1,/trinity/home/m.romanov/benchmarking/datasets/MIST_HER2/testB/93M2100147_13_22.jpg,/trinity/home/m.romanov/benchmarking/datasets/MIST_HER2/testA/93M2100147_13_22.jpg,0.10693531297803106
97M2100034,97M2100034_14_19,0,0,1,/trinity/home/m.romanov/benchmarking/datasets/MIST_HER2/testB/97M2100034_14_19.jpg,/trinity/home/m.romanov/benchmarking/datasets/MIST_HER2/testA/97M2100034_14_19.jpg,0.047444807676535326
98M2004096,98M2004096_12_13,0,0,1,/trinity/home/m.romanov/benchmarking/datasets/MIST_HER2/testB/98M2004096_12_13.jpg,/trinity/home/m.romanov/benchmarking/datasets/MIST_HER2/testA/98M2004096_12_13.jpg,0.11581760867398709
98M2004096,98M2004096_8_16,0,0,1,/trinity/home/m.romanov/benchmarking/datasets/MIST_HER2/testB/98M2004096_8_16.jpg,/trinity/home/m.romanov/benchmarking/datasets/MIST_HER2/testA/98M2004096_8_16.jpg,0.20395770986637063
100M2004069,100M2004069_25_16,0,0,2,/trinity/home/m.romanov/benchmarking/datasets/MIST_HER2/testB/100M2004069_25_16.jpg,/trinity/home/m.romanov/benchmarking/datasets/MIST_HER2/testA/100M2004069_25_16.jpg,0.0638137211846206
10M2102916,10M2102916_23_30,0,0,2,/trinity/home/m.romanov/benchmarking/datasets/MIST_HER2/testB/10M2102916_23_30.jpg,/trinity/home/m.romanov/benchmarking/datasets/MIST_HER2/testA/10M2102916_23_30.jpg,0.051523151843650215
10M2102916,10M2102916_30_7,0,0,2,/trinity/home/m.romanov/benchmarking/datasets/MIST_HER2/testB/10M2102916_30_7.jpg,/trinity/home/m.romanov/benchmarking/datasets/MIST_HER2/testA/10M2102916_30_7.jpg,0.009392839365704024
10M2102916,10M2102916_36_28,0,0,2,/trinity/home/m.romanov/benchmarking/datasets/MIST_HER2/testB/10M2102916_36_28.jpg,/trinity/home/m.romanov/benchmarking/datasets/MIST_HER2/testA/10M2102916_36_28.jpg,0.0322027503535761
10M2102916,10M2102916_38_17,0,0,2,/trinity/home/m.romanov/benchmarking/datasets/MIST_HER2/testB/10M2102916_38_17.jpg,/trinity/home/m.romanov/benchmarking/datasets/MIST_HER2/testA/10M2102916_38_17.jpg,0.03629225180769656
14M2102785,14M2102785_23_18,0,0,2,/trinity/home/m.romanov/benchmarking/datasets/MIST_HER2/testB/14M2102785_23_18.jpg,/trinity/home/m.romanov/benchmarking/datasets/MIST_HER2/testA/14M2102785_23_18.jpg,0.12386145753462804
14M2102785,14M2102785_24_13,0,0,2,/trinity/home/m.romanov/benchmarking/datasets/MIST_HER2/testB/14M2102785_24_13.jpg,/trinity/home/m.romanov/benchmarking/datasets/MIST_HER2/testA/14M2102785_24_13.jpg,0.20418395505983375
15M2102762,15M2102762_23_10,0,0,2,/trinity/home/m.romanov/benchmarking/datasets/MIST_HER2/testB/15M2102762_23_10.jpg,/trinity/home/m.romanov/benchmarking/datasets/MIST_HER2/testA/15M2102762_23_10.jpg,0.27836470695383814
16M2102718,16M2102718_13_26,0,0,2,/trinity/home/m.romanov/benchmarking/datasets/MIST_HER2/testB/16M2102718_13_26.jpg,/trinity/home/m.romanov/benchmarking/datasets/MIST_HER2/testA/16M2102718_13_26.jpg,0.046046201703364195
16M2102718,16M2102718_18_30,0,0,2,/trinity/home/m.romanov/benchmarking/datasets/MIST_HER2/testB/16M2102718_18_30.jpg,/trinity/home/m.romanov/benchmarking/datasets/MIST_HER2/testA/16M2102718_18_30.jpg,0.23110519592359893
16M2102718,16M2102718_23_10,0,0,2,/trinity/home/m.romanov/benchmarking/datasets/MIST_HER2/testB/16M2102718_23_10.jpg,/trinity/home/m.romanov/benchmarking/datasets/MIST_HER2/testA/16M2102718_23_10.jpg,0.33001405721304783
19M2102438,19M2102438_14_22,0,0,2,/trinity/home/m.romanov/benchmarking/datasets/MIST_HER2/testB/19M2102438_14_22.jpg,/trinity/home/m.romanov/benchmarking/datasets/MIST_HER2/testA/19M2102438_14_22.jpg,0.011471576045803244
19M2102438,19M2102438_15_18,0,0,2,/trinity/home/m.romanov/benchmarking/datasets/MIST_HER2/testB/19M2102438_15_18.jpg,/trinity/home/m.romanov/benchmarking/datasets/MIST_HER2/testA/19M2102438_15_18.jpg,0.020425639733132297
19M2102438,19M2102438_31_16,0,0,2,/trinity/home/m.romanov/benchmarking/datasets/MIST_HER2/testB/19M2102438_31_16.jpg,/trinity/home/m.romanov/benchmarking/datasets/MIST_HER2/testA/19M2102438_31_16.jpg,0.08264253521694266
22M2102266,22M2102266_10_18,0,0,2,/trinity/home/m.romanov/benchmarking/datasets/MIST_HER2/testB/22M2102266_10_18.jpg,/trinity/home/m.romanov/benchmarking/datasets/MIST_HER2/testA/22M2102266_10_18.jpg,0.3306335902541742
22M2102266,22M2102266_12_16,0,0,2,/trinity/home/m.romanov/benchmarking/datasets/MIST_HER2/testB/22M2102266_12_16.jpg,/trinity/home/m.romanov/benchmarking/datasets/MIST_HER2/testA/22M2102266_12_16.jpg,0.10200080442735453
22M2102266,22M2102266_16_23,0,0,2,/trinity/home/m.romanov/benchmarking/datasets/MIST_HER2/testB/22M2102266_16_23.jpg,/trinity/home/m.romanov/benchmarking/datasets/MIST_HER2/testA/22M2102266_16_23.jpg,0.11221610348407167
22M2102266,22M2102266_19_18,0,0,2,/trinity/home/m.romanov/benchmarking/datasets/MIST_HER2/testB/22M2102266_19_18.jpg,/trinity/home/m.romanov/benchmarking/datasets/MIST_HER2/testA/22M2102266_19_18.jpg,0.04478556983330663
22M2102266,22M2102266_21_19,0,0,2,/trinity/home/m.romanov/benchmarking/datasets/MIST_HER2/testB/22M2102266_21_19.jpg,/trinity/home/m.romanov/benchmarking/datasets/MIST_HER2/testA/22M2102266_21_19.jpg,0.0874387381124043
23M2102136,23M2102136_12_21,0,0,2,/trinity/home/m.romanov/benchmarking/datasets/MIST_HER2/testB/23M2102136_12_21.jpg,/trinity/home/m.romanov/benchmarking/datasets/MIST_HER2/testA/23M2102136_12_21.jpg,0.18026669544389892
23M2102136,23M2102136_37_15,0,0,2,/trinity/home/m.romanov/benchmarking/datasets/MIST_HER2/testB/23M2102136_37_15.jpg,/trinity/home/m.romanov/benchmarking/datasets/MIST_HER2/testA/23M2102136_37_15.jpg,0.12472842530126686
27M2102007,27M2102007_10_16,0,0,2,/trinity/home/m.romanov/benchmarking/datasets/MIST_HER2/testB/27M2102007_10_16.jpg,/trinity/home/m.romanov/benchmarking/datasets/MIST_HER2/testA/27M2102007_10_16.jpg,0.040651606869866824
27M2102007,27M2102007_12_30,0,0,2,/trinity/home/m.romanov/benchmarking/datasets/MIST_HER2/testB/27M2102007_12_30.jpg,/trinity/home/m.romanov/benchmarking/datasets/MIST_HER2/testA/27M2102007_12_30.jpg,0.020050982133320364
27M2102007,27M2102007_9_32,0,0,2,/trinity/home/m.romanov/benchmarking/datasets/MIST_HER2/testB/27M2102007_9_32.jpg,/trinity/home/m.romanov/benchmarking/datasets/MIST_HER2/testA/27M2102007_9_32.jpg,0.009471282171431719
28M2101987,28M2101987_12_31,0,0,2,/trinity/home/m.romanov/benchmarking/datasets/MIST_HER2/testB/28M2101987_12_31.jpg,/trinity/home/m.romanov/benchmarking/datasets/MIST_HER2/testA/28M2101987_12_31.jpg,0.11238386884734668
28M2101987,28M2101987_18_11,0,0,2,/trinity/home/m.romanov/benchmarking/datasets/MIST_HER2/testB/28M2101987_18_11.jpg,/trinity/home/m.romanov/benchmarking/datasets/MIST_HER2/testA/28M2101987_18_11.jpg,0.11007945508272202
28M2101987,28M2101987_23_25,0,0,2,/trinity/home/m.romanov/benchmarking/datasets/MIST_HER2/testB/28M2101987_23_25.jpg,/trinity/home/m.romanov/benchmarking/datasets/MIST_HER2/testA/28M2101987_23_25.jpg,0.33778402913676886
28M2101987,28M2101987_6_18,0,0,2,/trinity/home/m.romanov/benchmarking/datasets/MIST_HER2/testB/28M2101987_6_18.jpg,/trinity/home/m.romanov/benchmarking/datasets/MIST_HER2/testA/28M2101987_6_18.jpg,0.11901717585916846
30M2101953,30M2101953_12_18,0,0,2,/trinity/home/m.romanov/benchmarking/datasets/MIST_HER2/testB/30M2101953_12_18.jpg,/trinity/home/m.romanov/benchmarking/datasets/MIST_HER2/testA/30M2101953_12_18.jpg,0.015055685926312165
30M2101953,30M2101953_16_19,0,0,2,/trinity/home/m.romanov/benchmarking/datasets/MIST_HER2/testB/30M2101953_16_19.jpg,/trinity/home/m.romanov/benchmarking/datasets/MIST_HER2/testA/30M2101953_16_19.jpg,0.06623563850407983
30M2101953,30M2101953_8_8,0,0,2,/trinity/home/m.romanov/benchmarking/datasets/MIST_HER2/testB/30M2101953_8_8.jpg,/trinity/home/m.romanov/benchmarking/datasets/MIST_HER2/testA/30M2101953_8_8.jpg,-0.030500980962084624
31M2101871,31M2101871_10_21,0,0,2,/trinity/home/m.romanov/benchmarking/datasets/MIST_HER2/testB/31M2101871_10_21.jpg,/trinity/home/m.romanov/benchmarking/datasets/MIST_HER2/testA/31M2101871_10_21.jpg,0.24384952225502873
31M2101871,31M2101871_12_15,0,0,2,/trinity/home/m.romanov/benchmarking/datasets/MIST_HER2/testB/31M2101871_12_15.jpg,/trinity/home/m.romanov/benchmarking/datasets/MIST_HER2/testA/31M2101871_12_15.jpg,0.0028953117869767167
31M2101871,31M2101871_29_14,0,0,2,/trinity/home/m.romanov/benchmarking/datasets/MIST_HER2/testB/31M2101871_29_14.jpg,/trinity/home/m.romanov/benchmarking/datasets/MIST_HER2/testA/31M2101871_29_14.jpg,0.2479257057455282
31M2101871,31M2101871_32_7,0,0,2,/trinity/home/m.romanov/benchmarking/datasets/MIST_HER2/testB/31M2101871_32_7.jpg,/trinity/home/m.romanov/benchmarking/datasets/MIST_HER2/testA/31M2101871_32_7.jpg,0.08092744972448243
31M2101871,31M2101871_37_19,0,0,2,/trinity/home/m.romanov/benchmarking/datasets/MIST_HER2/testB/31M2101871_37_19.jpg,/trinity/home/m.romanov/benchmarking/datasets/MIST_HER2/testA/31M2101871_37_19.jpg,0.25600489284474504
31M2101871,31M2101871_38_13,0,0,2,/trinity/home/m.romanov/benchmarking/datasets/MIST_HER2/testB/31M2101871_38_13.jpg,/trinity/home/m.romanov/benchmarking/datasets/MIST_HER2/testA/31M2101871_38_13.jpg,0.2800123346322427
31M2101871,31M2101871_6_23,0,0,2,/trinity/home/m.romanov/benchmarking/datasets/MIST_HER2/testB/31M2101871_6_23.jpg,/trinity/home/m.romanov/benchmarking/datasets/MIST_HER2/testA/31M2101871_6_23.jpg,0.09606570888789706
33M2101839,33M2101839_12_6,0,0,2,/trinity/home/m.romanov/benchmarking/datasets/MIST_HER2/testB/33M2101839_12_6.jpg,/trinity/home/m.romanov/benchmarking/datasets/MIST_HER2/testA/33M2101839_12_6.jpg,0.03174266407075527
33M2101839,33M2101839_13_14,0,0,2,/trinity/home/m.romanov/benchmarking/datasets/MIST_HER2/testB/33M2101839_13_14.jpg,/trinity/home/m.romanov/benchmarking/datasets/MIST_HER2/testA/33M2101839_13_14.jpg,0.16398864956340622
33M2101839,33M2101839_15_9,0,0,2,/trinity/home/m.romanov/benchmarking/datasets/MIST_HER2/testB/33M2101839_15_9.jpg,/trinity/home/m.romanov/benchmarking/datasets/MIST_HER2/testA/33M2101839_15_9.jpg,0.04892953523935409
35M2101733,35M2101733_9_3,0,0,2,/trinity/home/m.romanov/benchmarking/datasets/MIST_HER2/testB/35M2101733_9_3.jpg,/trinity/home/m.romanov/benchmarking/datasets/MIST_HER2/testA/35M2101733_9_3.jpg,0.49441177501401906
35M2101733,35M2101733_9_6,0,0,2,/trinity/home/m.romanov/benchmarking/datasets/MIST_HER2/testB/35M2101733_9_6.jpg,/trinity/home/m.romanov/benchmarking/datasets/MIST_HER2/testA/35M2101733_9_6.jpg,0.0966894664243371
44M2101492,44M2101492_12_17,0,0,2,/trinity/home/m.romanov/benchmarking/datasets/MIST_HER2/testB/44M2101492_12_17.jpg,/trinity/home/m.romanov/benchmarking/datasets/MIST_HER2/testA/44M2101492_12_17.jpg,0.26099593661665577
44M2101492,44M2101492_13_13,0,0,2,/trinity/home/m.romanov/benchmarking/datasets/MIST_HER2/testB/44M2101492_13_13.jpg,/trinity/home/m.romanov/benchmarking/datasets/MIST_HER2/testA/44M2101492_13_13.jpg,0.030796017628617774
44M2101492,44M2101492_18_29,0,0,2,/trinity/home/m.romanov/benchmarking/datasets/MIST_HER2/testB/44M2101492_18_29.jpg,/trinity/home/m.romanov/benchmarking/datasets/MIST_HER2/testA/44M2101492_18_29.jpg,0.031330827931939816
44M2101492,44M2101492_20_31,0,0,2,/trinity/home/m.romanov/benchmarking/datasets/MIST_HER2/testB/44M2101492_20_31.jpg,/trinity/home/m.romanov/benchmarking/datasets/MIST_HER2/testA/44M2101492_20_31.jpg,0.08240802729807777
44M2101492,44M2101492_21_26,0,0,2,/trinity/home/m.romanov/benchmarking/datasets/MIST_HER2/testB/44M2101492_21_26.jpg,/trinity/home/m.romanov/benchmarking/datasets/MIST_HER2/testA/44M2101492_21_26.jpg,-0.003182282237920953
44M2101492,44M2101492_23_27,0,0,2,/trinity/home/m.romanov/benchmarking/datasets/MIST_HER2/testB/44M2101492_23_27.jpg,/trinity/home/m.romanov/benchmarking/datasets/MIST_HER2/testA/44M2101492_23_27.jpg,0.015036722263707213
44M2101492,44M2101492_28_27,0,0,2,/trinity/home/m.romanov/benchmarking/datasets/MIST_HER2/testB/44M2101492_28_27.jpg,/trinity/home/m.romanov/benchmarking/datasets/MIST_HER2/testA/44M2101492_28_27.jpg,0.03906451911504408
45M2101377,45M2101377_15_18,0,0,2,/trinity/home/m.romanov/benchmarking/datasets/MIST_HER2/testB/45M2101377_15_18.jpg,/trinity/home/m.romanov/benchmarking/datasets/MIST_HER2/testA/45M2101377_15_18.jpg,0.1295894708470186
45M2101377,45M2101377_26_11,0,0,2,/trinity/home/m.romanov/benchmarking/datasets/MIST_HER2/testB/45M2101377_26_11.jpg,/trinity/home/m.romanov/benchmarking/datasets/MIST_HER2/testA/45M2101377_26_11.jpg,0.1650912204884357
46M2101353,46M2101353_30_20,0,0,2,/trinity/home/m.romanov/benchmarking/datasets/MIST_HER2/testB/46M2101353_30_20.jpg,/trinity/home/m.romanov/benchmarking/datasets/MIST_HER2/testA/46M2101353_30_20.jpg,-0.00037754971668463154
46M2101353,46M2101353_30_22,0,0,2,/trinity/home/m.romanov/benchmarking/datasets/MIST_HER2/testB/46M2101353_30_22.jpg,/trinity/home/m.romanov/benchmarking/datasets/MIST_HER2/testA/46M2101353_30_22.jpg,0.019742839845523243
47M2101316,47M2101316_15_29,0,0,2,/trinity/home/m.romanov/benchmarking/datasets/MIST_HER2/testB/47M2101316_15_29.jpg,/trinity/home/m.romanov/benchmarking/datasets/MIST_HER2/testA/47M2101316_15_29.jpg,0.2013270786364694
47M2101316,47M2101316_7_22,0,0,2,/trinity/home/m.romanov/benchmarking/datasets/MIST_HER2/testB/47M2101316_7_22.jpg,/trinity/home/m.romanov/benchmarking/datasets/MIST_HER2/testA/47M2101316_7_22.jpg,0.07194185133448155
48M2101314,48M2101314_23_34,0,0,2,/trinity/home/m.romanov/benchmarking/datasets/MIST_HER2/testB/48M2101314_23_34.jpg,/trinity/home/m.romanov/benchmarking/datasets/MIST_HER2/testA/48M2101314_23_34.jpg,0.14494574228093063
48M2101314,48M2101314_33_37,0,0,2,/trinity/home/m.romanov/benchmarking/datasets/MIST_HER2/testB/48M2101314_33_37.jpg,/trinity/home/m.romanov/benchmarking/datasets/MIST_HER2/testA/48M2101314_33_37.jpg,0.17350109541834036
4M2103059,4M2103059_19_16,0,0,2,/trinity/home/m.romanov/benchmarking/datasets/MIST_HER2/testB/4M2103059_19_16.jpg,/trinity/home/m.romanov/benchmarking/datasets/MIST_HER2/testA/4M2103059_19_16.jpg,-0.005993027749882697
4M2103059,4M2103059_23_12,0,0,2,/trinity/home/m.romanov/benchmarking/datasets/MIST_HER2/testB/4M2103059_23_12.jpg,/trinity/home/m.romanov/benchmarking/datasets/MIST_HER2/testA/4M2103059_23_12.jpg,0.028869042403621304
4M2103059,4M2103059_24_21,0,0,2,/trinity/home/m.romanov/benchmarking/datasets/MIST_HER2/testB/4M2103059_24_21.jpg,/trinity/home/m.romanov/benchmarking/datasets/MIST_HER2/testA/4M2103059_24_21.jpg,0.050386252237566896
4M2103059,4M2103059_26_9,0,0,2,/trinity/home/m.romanov/benchmarking/datasets/MIST_HER2/testB/4M2103059_26_9.jpg,/trinity/home/m.romanov/benchmarking/datasets/MIST_HER2/testA/4M2103059_26_9.jpg,-0.007344862990601742
50M2101298,50M2101298_15_12,0,0,2,/trinity/home/m.romanov/benchmarking/datasets/MIST_HER2/testB/50M2101298_15_12.jpg,/trinity/home/m.romanov/benchmarking/datasets/MIST_HER2/testA/50M2101298_15_12.jpg,0.0135755907796508
50M2101298,50M2101298_8_13,0,0,2,/trinity/home/m.romanov/benchmarking/datasets/MIST_HER2/testB/50M2101298_8_13.jpg,/trinity/home/m.romanov/benchmarking/datasets/MIST_HER2/testA/50M2101298_8_13.jpg,0.04361998165719664
50M2101298,50M2101298_9_12,0,0,2,/trinity/home/m.romanov/benchmarking/datasets/MIST_HER2/testB/50M2101298_9_12.jpg,/trinity/home/m.romanov/benchmarking/datasets/MIST_HER2/testA/50M2101298_9_12.jpg,0.03964731692840358
51M2101285,51M2101285_14_10,0,0,2,/trinity/home/m.romanov/benchmarking/datasets/MIST_HER2/testB/51M2101285_14_10.jpg,/trinity/home/m.romanov/benchmarking/datasets/MIST_HER2/testA/51M2101285_14_10.jpg,0.2771020969470861
51M2101285,51M2101285_29_18,0,0,2,/trinity/home/m.romanov/benchmarking/datasets/MIST_HER2/testB/51M2101285_29_18.jpg,/trinity/home/m.romanov/benchmarking/datasets/MIST_HER2/testA/51M2101285_29_18.jpg,0.01476127417961046
52M2101275,52M2101275_13_9,0,0,2,/trinity/home/m.romanov/benchmarking/datasets/MIST_HER2/testB/52M2101275_13_9.jpg,/trinity/home/m.romanov/benchmarking/datasets/MIST_HER2/testA/52M2101275_13_9.jpg,0.0373108916221299
53M2101258,53M2101258_30_20,0,0,2,/trinity/home/m.romanov/benchmarking/datasets/MIST_HER2/testB/53M2101258_30_20.jpg,/trinity/home/m.romanov/benchmarking/datasets/MIST_HER2/testA/53M2101258_30_20.jpg,-0.0009062618129405992
53M2101258,53M2101258_32_19,0,0,2,/trinity/home/m.romanov/benchmarking/datasets/MIST_HER2/testB/53M2101258_32_19.jpg,/trinity/home/m.romanov/benchmarking/datasets/MIST_HER2/testA/53M2101258_32_19.jpg,0.06355618343327878
56M2101083,56M2101083_36_26,0,0,2,/trinity/home/m.romanov/benchmarking/datasets/MIST_HER2/testB/56M2101083_36_26.jpg,/trinity/home/m.romanov/benchmarking/datasets/MIST_HER2/testA/56M2101083_36_26.jpg,-0.051541219570520665
57M2101034,57M2101034_11_29,0,0,2,/trinity/home/m.romanov/benchmarking/datasets/MIST_HER2/testB/57M2101034_11_29.jpg,/trinity/home/m.romanov/benchmarking/datasets/MIST_HER2/testA/57M2101034_11_29.jpg,0.1925954268042633
57M2101034,57M2101034_3_22,0,0,2,/trinity/home/m.romanov/benchmarking/datasets/MIST_HER2/testB/57M2101034_3_22.jpg,/trinity/home/m.romanov/benchmarking/datasets/MIST_HER2/testA/57M2101034_3_22.jpg,0.31388629011646313
57M2101034,57M2101034_6_21,0,0,2,/trinity/home/m.romanov/benchmarking/datasets/MIST_HER2/testB/57M2101034_6_21.jpg,/trinity/home/m.romanov/benchmarking/datasets/MIST_HER2/testA/57M2101034_6_21.jpg,0.3150150275803664
58M2100997,58M2100997_11_15,0,0,2,/trinity/home/m.romanov/benchmarking/datasets/MIST_HER2/testB/58M2100997_11_15.jpg,/trinity/home/m.romanov/benchmarking/datasets/MIST_HER2/testA/58M2100997_11_15.jpg,0.14155307766181052
60M2100980,60M2100980_18_21,0,0,2,/trinity/home/m.romanov/benchmarking/datasets/MIST_HER2/testB/60M2100980_18_21.jpg,/trinity/home/m.romanov/benchmarking/datasets/MIST_HER2/testA/60M2100980_18_21.jpg,0.14503039610060156
60M2100980,60M2100980_24_13,0,0,2,/trinity/home/m.romanov/benchmarking/datasets/MIST_HER2/testB/60M2100980_24_13.jpg,/trinity/home/m.romanov/benchmarking/datasets/MIST_HER2/testA/60M2100980_24_13.jpg,0.2121579991645781
62M2100915,62M2100915_27_18,0,0,2,/trinity/home/m.romanov/benchmarking/datasets/MIST_HER2/testB/62M2100915_27_18.jpg,/trinity/home/m.romanov/benchmarking/datasets/MIST_HER2/testA/62M2100915_27_18.jpg,0.01386279871875751
62M2100915,62M2100915_32_19,0,0,2,/trinity/home/m.romanov/benchmarking/datasets/MIST_HER2/testB/62M2100915_32_19.jpg,/trinity/home/m.romanov/benchmarking/datasets/MIST_HER2/testA/62M2100915_32_19.jpg,0.008142601095227605
65M2100668,65M2100668_15_11,0,0,2,/trinity/home/m.romanov/benchmarking/datasets/MIST_HER2/testB/65M2100668_15_11.jpg,/trinity/home/m.romanov/benchmarking/datasets/MIST_HER2/testA/65M2100668_15_11.jpg,-0.06752723137991477
65M2100668,65M2100668_21_23,0,0,2,/trinity/home/m.romanov/benchmarking/datasets/MIST_HER2/testB/65M2100668_21_23.jpg,/trinity/home/m.romanov/benchmarking/datasets/MIST_HER2/testA/65M2100668_21_23.jpg,0.14214400036430497
65M2100668,65M2100668_26_9,0,0,2,/trinity/home/m.romanov/benchmarking/datasets/MIST_HER2/testB/65M2100668_26_9.jpg,/trinity/home/m.romanov/benchmarking/datasets/MIST_HER2/testA/65M2100668_26_9.jpg,0.23586263330033605
67M2100642,67M2100642_14_4,0,0,2,/trinity/home/m.romanov/benchmarking/datasets/MIST_HER2/testB/67M2100642_14_4.jpg,/trinity/home/m.romanov/benchmarking/datasets/MIST_HER2/testA/67M2100642_14_4.jpg,-0.003356942208516678
67M2100642,67M2100642_23_9,0,0,2,/trinity/home/m.romanov/benchmarking/datasets/MIST_HER2/testB/67M2100642_23_9.jpg,/trinity/home/m.romanov/benchmarking/datasets/MIST_HER2/testA/67M2100642_23_9.jpg,0.025577722831026384
68M2100640,68M2100640_16_16,0,0,2,/trinity/home/m.romanov/benchmarking/datasets/MIST_HER2/testB/68M2100640_16_16.jpg,/trinity/home/m.romanov/benchmarking/datasets/MIST_HER2/testA/68M2100640_16_16.jpg,0.40422674241730655
69M2100632,69M2100632_18_3,0,0,2,/trinity/home/m.romanov/benchmarking/datasets/MIST_HER2/testB/69M2100632_18_3.jpg,/trinity/home/m.romanov/benchmarking/datasets/MIST_HER2/testA/69M2100632_18_3.jpg,0.05690698427242001
69M2100632,69M2100632_19_11,0,0,2,/trinity/home/m.romanov/benchmarking/datasets/MIST_HER2/testB/69M2100632_19_11.jpg,/trinity/home/m.romanov/benchmarking/datasets/MIST_HER2/testA/69M2100632_19_11.jpg,0.035759317195194984
6M2103024,6M2103024_17_17,0,0,2,/trinity/home/m.romanov/benchmarking/datasets/MIST_HER2/testB/6M2103024_17_17.jpg,/trinity/home/m.romanov/benchmarking/datasets/MIST_HER2/testA/6M2103024_17_17.jpg,0.2019326194338586
6M2103024,6M2103024_21_18,0,0,2,/trinity/home/m.romanov/benchmarking/datasets/MIST_HER2/testB/6M2103024_21_18.jpg,/trinity/home/m.romanov/benchmarking/datasets/MIST_HER2/testA/6M2103024_21_18.jpg,0.010689833933077555
6M2103024,6M2103024_5_8,0,0,2,/trinity/home/m.romanov/benchmarking/datasets/MIST_HER2/testB/6M2103024_5_8.jpg,/trinity/home/m.romanov/benchmarking/datasets/MIST_HER2/testA/6M2103024_5_8.jpg,0.250809791793029
70M2100623,70M2100623_28_24,0,0,2,/trinity/home/m.romanov/benchmarking/datasets/MIST_HER2/testB/70M2100623_28_24.jpg,/trinity/home/m.romanov/benchmarking/datasets/MIST_HER2/testA/70M2100623_28_24.jpg,-0.009672402979957504
74M2100526,74M2100526_15_6,0,0,2,/trinity/home/m.romanov/benchmarking/datasets/MIST_HER2/testB/74M2100526_15_6.jpg,/trinity/home/m.romanov/benchmarking/datasets/MIST_HER2/testA/74M2100526_15_6.jpg,0.069117489368875
74M2100526,74M2100526_29_16,0,0,2,/trinity/home/m.romanov/benchmarking/datasets/MIST_HER2/testB/74M2100526_29_16.jpg,/trinity/home/m.romanov/benchmarking/datasets/MIST_HER2/testA/74M2100526_29_16.jpg,0.07837303822484293
75M2100521,75M2100521_10_13,0,0,2,/trinity/home/m.romanov/benchmarking/datasets/MIST_HER2/testB/75M2100521_10_13.jpg,/trinity/home/m.romanov/benchmarking/datasets/MIST_HER2/testA/75M2100521_10_13.jpg,0.26200448085586875
75M2100521,75M2100521_13_11,0,0,2,/trinity/home/m.romanov/benchmarking/datasets/MIST_HER2/testB/75M2100521_13_11.jpg,/trinity/home/m.romanov/benchmarking/datasets/MIST_HER2/testA/75M2100521_13_11.jpg,0.18462659812583207
75M2100521,75M2100521_15_20,0,0,2,/trinity/home/m.romanov/benchmarking/datasets/MIST_HER2/testB/75M2100521_15_20.jpg,/trinity/home/m.romanov/benchmarking/datasets/MIST_HER2/testA/75M2100521_15_20.jpg,0.33319254662531517
75M2100521,75M2100521_26_14,0,0,2,/trinity/home/m.romanov/benchmarking/datasets/MIST_HER2/testB/75M2100521_26_14.jpg,/trinity/home/m.romanov/benchmarking/datasets/MIST_HER2/testA/75M2100521_26_14.jpg,0.3147359873713965
75M2100521,75M2100521_7_17,0,0,2,/trinity/home/m.romanov/benchmarking/datasets/MIST_HER2/testB/75M2100521_7_17.jpg,/trinity/home/m.romanov/benchmarking/datasets/MIST_HER2/testA/75M2100521_7_17.jpg,0.36997498145096375
76M2100485,76M2100485_20_14,0,0,2,/trinity/home/m.romanov/benchmarking/datasets/MIST_HER2/testB/76M2100485_20_14.jpg,/trinity/home/m.romanov/benchmarking/datasets/MIST_HER2/testA/76M2100485_20_14.jpg,-0.005097487828983131
76M2100485,76M2100485_25_23,0,0,2,/trinity/home/m.romanov/benchmarking/datasets/MIST_HER2/testB/76M2100485_25_23.jpg,/trinity/home/m.romanov/benchmarking/datasets/MIST_HER2/testA/76M2100485_25_23.jpg,0.07001892365283452
77M2100464,77M2100464_18_20,0,0,2,/trinity/home/m.romanov/benchmarking/datasets/MIST_HER2/testB/77M2100464_18_20.jpg,/trinity/home/m.romanov/benchmarking/datasets/MIST_HER2/testA/77M2100464_18_20.jpg,0.01532407083305915
77M2100464,77M2100464_33_24,0,0,2,/trinity/home/m.romanov/benchmarking/datasets/MIST_HER2/testB/77M2100464_33_24.jpg,/trinity/home/m.romanov/benchmarking/datasets/MIST_HER2/testA/77M2100464_33_24.jpg,-0.029730485543672726
79M2100417,79M2100417_12_22,0,0,2,/trinity/home/m.romanov/benchmarking/datasets/MIST_HER2/testB/79M2100417_12_22.jpg,/trinity/home/m.romanov/benchmarking/datasets/MIST_HER2/testA/79M2100417_12_22.jpg,0.03729077870308381
79M2100417,79M2100417_19_15,0,0,2,/trinity/home/m.romanov/benchmarking/datasets/MIST_HER2/testB/79M2100417_19_15.jpg,/trinity/home/m.romanov/benchmarking/datasets/MIST_HER2/testA/79M2100417_19_15.jpg,0.05904155395385343
79M2100417,79M2100417_20_20,0,0,2,/trinity/home/m.romanov/benchmarking/datasets/MIST_HER2/testB/79M2100417_20_20.jpg,/trinity/home/m.romanov/benchmarking/datasets/MIST_HER2/testA/79M2100417_20_20.jpg,-0.03602467808600649
80M2100377,80M2100377_17_5,0,0,2,/trinity/home/m.romanov/benchmarking/datasets/MIST_HER2/testB/80M2100377_17_5.jpg,/trinity/home/m.romanov/benchmarking/datasets/MIST_HER2/testA/80M2100377_17_5.jpg,-0.0015129248583132583
80M2100377,80M2100377_24_31,0,0,2,/trinity/home/m.romanov/benchmarking/datasets/MIST_HER2/testB/80M2100377_24_31.jpg,/trinity/home/m.romanov/benchmarking/datasets/MIST_HER2/testA/80M2100377_24_31.jpg,0.0655513000657084
80M2100377,80M2100377_29_28,0,0,2,/trinity/home/m.romanov/benchmarking/datasets/MIST_HER2/testB/80M2100377_29_28.jpg,/trinity/home/m.romanov/benchmarking/datasets/MIST_HER2/testA/80M2100377_29_28.jpg,0.08774570320397646
81M2100356,81M2100356_29_24,0,0,2,/trinity/home/m.romanov/benchmarking/datasets/MIST_HER2/testB/81M2100356_29_24.jpg,/trinity/home/m.romanov/benchmarking/datasets/MIST_HER2/testA/81M2100356_29_24.jpg,0.1564607479267041
81M2100356,81M2100356_38_24,0,0,2,/trinity/home/m.romanov/benchmarking/datasets/MIST_HER2/testB/81M2100356_38_24.jpg,/trinity/home/m.romanov/benchmarking/datasets/MIST_HER2/testA/81M2100356_38_24.jpg,0.15219965522157752
83M2100256,83M2100256_28_18,0,0,2,/trinity/home/m.romanov/benchmarking/datasets/MIST_HER2/testB/83M2100256_28_18.jpg,/trinity/home/m.romanov/benchmarking/datasets/MIST_HER2/testA/83M2100256_28_18.jpg,0.09233892170733149
83M2100256,83M2100256_30_22,0,0,2,/trinity/home/m.romanov/benchmarking/datasets/MIST_HER2/testB/83M2100256_30_22.jpg,/trinity/home/m.romanov/benchmarking/datasets/MIST_HER2/testA/83M2100256_30_22.jpg,0.055217558677420335
88M2100218,88M2100218_14_26,0,0,2,/trinity/home/m.romanov/benchmarking/datasets/MIST_HER2/testB/88M2100218_14_26.jpg,/trinity/home/m.romanov/benchmarking/datasets/MIST_HER2/testA/88M2100218_14_26.jpg,0.16307721656214355
88M2100218,88M2100218_24_8,0,0,2,/trinity/home/m.romanov/benchmarking/datasets/MIST_HER2/testB/88M2100218_24_8.jpg,/trinity/home/m.romanov/benchmarking/datasets/MIST_HER2/testA/88M2100218_24_8.jpg,0.10512270646412454
88M2100218,88M2100218_25_23,0,0,2,/trinity/home/m.romanov/benchmarking/datasets/MIST_HER2/testB/88M2100218_25_23.jpg,/trinity/home/m.romanov/benchmarking/datasets/MIST_HER2/testA/88M2100218_25_23.jpg,0.1122883520397264
91M2100173,91M2100173_21_20,0,0,2,/trinity/home/m.romanov/benchmarking/datasets/MIST_HER2/testB/91M2100173_21_20.jpg,/trinity/home/m.romanov/benchmarking/datasets/MIST_HER2/testA/91M2100173_21_20.jpg,-0.0008003025111175007
91M2100173,91M2100173_5_12,0,0,2,/trinity/home/m.romanov/benchmarking/datasets/MIST_HER2/testB/91M2100173_5_12.jpg,/trinity/home/m.romanov/benchmarking/datasets/MIST_HER2/testA/91M2100173_5_12.jpg,0.010894056057607394
91M2100173,91M2100173_6_9,0,0,2,/trinity/home/m.romanov/benchmarking/datasets/MIST_HER2/testB/91M2100173_6_9.jpg,/trinity/home/m.romanov/benchmarking/datasets/MIST_HER2/testA/91M2100173_6_9.jpg,-0.01112106959512556
92M2100150,92M2100150_1_28,0,0,2,/trinity/home/m.romanov/benchmarking/datasets/MIST_HER2/testB/92M2100150_1_28.jpg,/trinity/home/m.romanov/benchmarking/datasets/MIST_HER2/testA/92M2100150_1_28.jpg,0.3018366585699408
94M2100142,94M2100142_20_20,0,0,2,/trinity/home/m.romanov/benchmarking/datasets/MIST_HER2/testB/94M2100142_20_20.jpg,/trinity/home/m.romanov/benchmarking/datasets/MIST_HER2/testA/94M2100142_20_20.jpg,0.07546468554376809
94M2100142,94M2100142_8_10,0,0,2,/trinity/home/m.romanov/benchmarking/datasets/MIST_HER2/testB/94M2100142_8_10.jpg,/trinity/home/m.romanov/benchmarking/datasets/MIST_HER2/testA/94M2100142_8_10.jpg,0.1811386551185803
97M2100034,97M2100034_18_10,0,0,2,/trinity/home/m.romanov/benchmarking/datasets/MIST_HER2/testB/97M2100034_18_10.jpg,/trinity/home/m.romanov/benchmarking/datasets/MIST_HER2/testA/97M2100034_18_10.jpg,0.012989101189522512
97M2100034,97M2100034_23_11,0,0,2,/trinity/home/m.romanov/benchmarking/datasets/MIST_HER2/testB/97M2100034_23_11.jpg,/trinity/home/m.romanov/benchmarking/datasets/MIST_HER2/testA/97M2100034_23_11.jpg,0.013522153149116131
97M2100034,97M2100034_26_16,0,0,2,/trinity/home/m.romanov/benchmarking/datasets/MIST_HER2/testB/97M2100034_26_16.jpg,/trinity/home/m.romanov/benchmarking/datasets/MIST_HER2/testA/97M2100034_26_16.jpg,0.025534894867734404
98M2004096,98M2004096_11_12,0,0,2,/trinity/home/m.romanov/benchmarking/datasets/MIST_HER2/testB/98M2004096_11_12.jpg,/trinity/home/m.romanov/benchmarking/datasets/MIST_HER2/testA/98M2004096_11_12.jpg,0.13264115089378697
98M2004096,98M2004096_20_11,0,0,2,/trinity/home/m.romanov/benchmarking/datasets/MIST_HER2/testB/98M2004096_20_11.jpg,/trinity/home/m.romanov/benchmarking/datasets/MIST_HER2/testA/98M2004096_20_11.jpg,0.0520521525345899
98M2004096,98M2004096_25_16,0,0,2,/trinity/home/m.romanov/benchmarking/datasets/MIST_HER2/testB/98M2004096_25_16.jpg,/trinity/home/m.romanov/benchmarking/datasets/MIST_HER2/testA/98M2004096_25_16.jpg,0.31641124190804254
98M2004096,98M2004096_34_7,0,0,2,/trinity/home/m.romanov/benchmarking/datasets/MIST_HER2/testB/98M2004096_34_7.jpg,/trinity/home/m.romanov/benchmarking/datasets/MIST_HER2/testA/98M2004096_34_7.jpg,0.07376661724230668
98M2004096,98M2004096_8_11,0,0,2,/trinity/home/m.romanov/benchmarking/datasets/MIST_HER2/testB/98M2004096_8_11.jpg,/trinity/home/m.romanov/benchmarking/datasets/MIST_HER2/testA/98M2004096_8_11.jpg,0.020695916163243917
99M2004082,99M2004082_11_20,0,0,2,/trinity/home/m.romanov/benchmarking/datasets/MIST_HER2/testB/99M2004082_11_20.jpg,/trinity/home/m.romanov/benchmarking/datasets/MIST_HER2/testA/99M2004082_11_20.jpg,-0.04824387804318635
99M2004082,99M2004082_21_12,0,0,2,/trinity/home/m.romanov/benchmarking/datasets/MIST_HER2/testB/99M2004082_21_12.jpg,/trinity/home/m.romanov/benchmarking/datasets/MIST_HER2/testA/99M2004082_21_12.jpg,0.02307473543483423
99M2004082,99M2004082_24_14,0,0,2,/trinity/home/m.romanov/benchmarking/datasets/MIST_HER2/testB/99M2004082_24_14.jpg,/trinity/home/m.romanov/benchmarking/datasets/MIST_HER2/testA/99M2004082_24_14.jpg,-0.05893257017043178
99M2004082,99M2004082_27_17,0,0,2,/trinity/home/m.romanov/benchmarking/datasets/MIST_HER2/testB/99M2004082_27_17.jpg,/trinity/home/m.romanov/benchmarking/datasets/MIST_HER2/testA/99M2004082_27_17.jpg,0.027127158933172923
