pname,patch_id,Similarity_Score,rdist,class3,fixed_path,warped_path,lpips_full
12M2102884,12M2102884_10_7,0,0,0,/trinity/home/m.romanov/benchmarking/datasets/MIST_HER2/testB/12M2102884_10_7.jpg,/trinity/home/m.romanov/benchmarking/datasets/MIST_HER2/testA/12M2102884_10_7.jpg,0.555411696434021
12M2102884,12M2102884_7_9,0,0,0,/trinity/home/m.romanov/benchmarking/datasets/MIST_HER2/testB/12M2102884_7_9.jpg,/trinity/home/m.romanov/benchmarking/datasets/MIST_HER2/testA/12M2102884_7_9.jpg,0.5658382773399353
48M2101314,48M2101314_40_34,0,0,0,/trinity/home/m.romanov/benchmarking/datasets/MIST_HER2/testB/48M2101314_40_34.jpg,/trinity/home/m.romanov/benchmarking/datasets/MIST_HER2/testA/48M2101314_40_34.jpg,0.5730474591255188
57M2101034,57M2101034_5_20,0,0,0,/trinity/home/m.romanov/benchmarking/datasets/MIST_HER2/testB/57M2101034_5_20.jpg,/trinity/home/m.romanov/benchmarking/datasets/MIST_HER2/testA/57M2101034_5_20.jpg,0.6061601042747498
88M2100218,88M2100218_27_3,0,0,0,/trinity/home/m.romanov/benchmarking/datasets/MIST_HER2/testB/88M2100218_27_3.jpg,/trinity/home/m.romanov/benchmarking/datasets/MIST_HER2/testA/88M2100218_27_3.jpg,0.6474020481109619
89M2100212,89M2100212_10_17,0,0,0,/trinity/home/m.romanov/benchmarking/datasets/MIST_HER2/testB/89M2100212_10_17.jpg,/trinity/home/m.romanov/benchmarking/datasets/MIST_HER2/testA/89M2100212_10_17.jpg,0.6130776405334473
89M2100212,89M2100212_11_18,0,0,0,/trinity/home/m.romanov/benchmarking/datasets/MIST_HER2/testB/89M2100212_11_18.jpg,/trinity/home/m.romanov/benchmarking/datasets/MIST_HER2/testA/89M2100212_11_18.jpg,0.6064965724945068
89M2100212,89M2100212_11_20,0,0,0,/trinity/home/m.romanov/benchmarking/datasets/MIST_HER2/testB/89M2100212_11_20.jpg,/trinity/home/m.romanov/benchmarking/datasets/MIST_HER2/testA/89M2100212_11_20.jpg,0.6399416923522949
89M2100212,89M2100212_12_22,0,0,0,/trinity/home/m.romanov/benchmarking/datasets/MIST_HER2/testB/89M2100212_12_22.jpg,/trinity/home/m.romanov/benchmarking/datasets/MIST_HER2/testA/89M2100212_12_22.jpg,0.6370034217834473
89M2100212,89M2100212_14_22,0,0,0,/trinity/home/m.romanov/benchmarking/datasets/MIST_HER2/testB/89M2100212_14_22.jpg,/trinity/home/m.romanov/benchmarking/datasets/MIST_HER2/testA/89M2100212_14_22.jpg,0.5834521055221558
89M2100212,89M2100212_16_11,0,0,0,/trinity/home/m.romanov/benchmarking/datasets/MIST_HER2/testB/89M2100212_16_11.jpg,/trinity/home/m.romanov/benchmarking/datasets/MIST_HER2/testA/89M2100212_16_11.jpg,0.5853391885757446
89M2100212,89M2100212_3_13,0,0,0,/trinity/home/m.romanov/benchmarking/datasets/MIST_HER2/testB/89M2100212_3_13.jpg,/trinity/home/m.romanov/benchmarking/datasets/MIST_HER2/testA/89M2100212_3_13.jpg,0.5721212029457092
89M2100212,89M2100212_9_16,0,0,0,/trinity/home/m.romanov/benchmarking/datasets/MIST_HER2/testB/89M2100212_9_16.jpg,/trinity/home/m.romanov/benchmarking/datasets/MIST_HER2/testA/89M2100212_9_16.jpg,0.5704879760742188
100M2004069,100M2004069_10_9,0,0,1,/trinity/home/m.romanov/benchmarking/datasets/MIST_HER2/testB/100M2004069_10_9.jpg,/trinity/home/m.romanov/benchmarking/datasets/MIST_HER2/testA/100M2004069_10_9.jpg,0.5924171805381775
100M2004069,100M2004069_16_30,0,0,1,/trinity/home/m.romanov/benchmarking/datasets/MIST_HER2/testB/100M2004069_16_30.jpg,/trinity/home/m.romanov/benchmarking/datasets/MIST_HER2/testA/100M2004069_16_30.jpg,0.5630998015403748
100M2004069,100M2004069_21_29,0,0,1,/trinity/home/m.romanov/benchmarking/datasets/MIST_HER2/testB/100M2004069_21_29.jpg,/trinity/home/m.romanov/benchmarking/datasets/MIST_HER2/testA/100M2004069_21_29.jpg,0.578294038772583
100M2004069,100M2004069_26_23,0,0,1,/trinity/home/m.romanov/benchmarking/datasets/MIST_HER2/testB/100M2004069_26_23.jpg,/trinity/home/m.romanov/benchmarking/datasets/MIST_HER2/testA/100M2004069_26_23.jpg,0.5655962228775024
100M2004069,100M2004069_32_27,0,0,1,/trinity/home/m.romanov/benchmarking/datasets/MIST_HER2/testB/100M2004069_32_27.jpg,/trinity/home/m.romanov/benchmarking/datasets/MIST_HER2/testA/100M2004069_32_27.jpg,0.5738321542739868
10M2102916,10M2102916_14_4,0,0,1,/trinity/home/m.romanov/benchmarking/datasets/MIST_HER2/testB/10M2102916_14_4.jpg,/trinity/home/m.romanov/benchmarking/datasets/MIST_HER2/testA/10M2102916_14_4.jpg,0.6181328296661377
10M2102916,10M2102916_17_14,0,0,1,/trinity/home/m.romanov/benchmarking/datasets/MIST_HER2/testB/10M2102916_17_14.jpg,/trinity/home/m.romanov/benchmarking/datasets/MIST_HER2/testA/10M2102916_17_14.jpg,0.5604677200317383
12M2102884,12M2102884_18_4,0,0,1,/trinity/home/m.romanov/benchmarking/datasets/MIST_HER2/testB/12M2102884_18_4.jpg,/trinity/home/m.romanov/benchmarking/datasets/MIST_HER2/testA/12M2102884_18_4.jpg,0.54632568359375
12M2102884,12M2102884_6_5,0,0,1,/trinity/home/m.romanov/benchmarking/datasets/MIST_HER2/testB/12M2102884_6_5.jpg,/trinity/home/m.romanov/benchmarking/datasets/MIST_HER2/testA/12M2102884_6_5.jpg,0.551960825920105
12M2102884,12M2102884_8_9,0,0,1,/trinity/home/m.romanov/benchmarking/datasets/MIST_HER2/testB/12M2102884_8_9.jpg,/trinity/home/m.romanov/benchmarking/datasets/MIST_HER2/testA/12M2102884_8_9.jpg,0.5346308946609497
14M2102785,14M2102785_14_9,0,0,1,/trinity/home/m.romanov/benchmarking/datasets/MIST_HER2/testB/14M2102785_14_9.jpg,/trinity/home/m.romanov/benchmarking/datasets/MIST_HER2/testA/14M2102785_14_9.jpg,0.6239766478538513
15M2102762,15M2102762_14_15,0,0,1,/trinity/home/m.romanov/benchmarking/datasets/MIST_HER2/testB/15M2102762_14_15.jpg,/trinity/home/m.romanov/benchmarking/datasets/MIST_HER2/testA/15M2102762_14_15.jpg,0.5972193479537964
15M2102762,15M2102762_15_21,0,0,1,/trinity/home/m.romanov/benchmarking/datasets/MIST_HER2/testB/15M2102762_15_21.jpg,/trinity/home/m.romanov/benchmarking/datasets/MIST_HER2/testA/15M2102762_15_21.jpg,0.5734415054321289
15M2102762,15M2102762_15_26,0,0,1,/trinity/home/m.romanov/benchmarking/datasets/MIST_HER2/testB/15M2102762_15_26.jpg,/trinity/home/m.romanov/benchmarking/datasets/MIST_HER2/testA/15M2102762_15_26.jpg,0.5928956866264343
15M2102762,15M2102762_19_20,0,0,1,/trinity/home/m.romanov/benchmarking/datasets/MIST_HER2/testB/15M2102762_19_20.jpg,/trinity/home/m.romanov/benchmarking/datasets/MIST_HER2/testA/15M2102762_19_20.jpg,0.5915820598602295
15M2102762,15M2102762_21_24,0,0,1,/trinity/home/m.romanov/benchmarking/datasets/MIST_HER2/testB/15M2102762_21_24.jpg,/trinity/home/m.romanov/benchmarking/datasets/MIST_HER2/testA/15M2102762_21_24.jpg,0.5583032369613647
15M2102762,15M2102762_26_10,0,0,1,/trinity/home/m.romanov/benchmarking/datasets/MIST_HER2/testB/15M2102762_26_10.jpg,/trinity/home/m.romanov/benchmarking/datasets/MIST_HER2/testA/15M2102762_26_10.jpg,0.6076117753982544
15M2102762,15M2102762_2_22,0,0,1,/trinity/home/m.romanov/benchmarking/datasets/MIST_HER2/testB/15M2102762_2_22.jpg,/trinity/home/m.romanov/benchmarking/datasets/MIST_HER2/testA/15M2102762_2_22.jpg,0.5764231085777283
15M2102762,15M2102762_6_23,0,0,1,/trinity/home/m.romanov/benchmarking/datasets/MIST_HER2/testB/15M2102762_6_23.jpg,/trinity/home/m.romanov/benchmarking/datasets/MIST_HER2/testA/15M2102762_6_23.jpg,0.5960503816604614
15M2102762,15M2102762_8_22,0,0,1,/trinity/home/m.romanov/benchmarking/datasets/MIST_HER2/testB/15M2102762_8_22.jpg,/trinity/home/m.romanov/benchmarking/datasets/MIST_HER2/testA/15M2102762_8_22.jpg,0.6028723120689392
23M2102136,23M2102136_13_16,0,0,1,/trinity/home/m.romanov/benchmarking/datasets/MIST_HER2/testB/23M2102136_13_16.jpg,/trinity/home/m.romanov/benchmarking/datasets/MIST_HER2/testA/23M2102136_13_16.jpg,0.5449420809745789
27M2102007,27M2102007_5_29,0,0,1,/trinity/home/m.romanov/benchmarking/datasets/MIST_HER2/testB/27M2102007_5_29.jpg,/trinity/home/m.romanov/benchmarking/datasets/MIST_HER2/testA/27M2102007_5_29.jpg,0.6511936187744141
27M2102007,27M2102007_6_24,0,0,1,/trinity/home/m.romanov/benchmarking/datasets/MIST_HER2/testB/27M2102007_6_24.jpg,/trinity/home/m.romanov/benchmarking/datasets/MIST_HER2/testA/27M2102007_6_24.jpg,0.6590217351913452
27M2102007,27M2102007_8_22,0,0,1,/trinity/home/m.romanov/benchmarking/datasets/MIST_HER2/testB/27M2102007_8_22.jpg,/trinity/home/m.romanov/benchmarking/datasets/MIST_HER2/testA/27M2102007_8_22.jpg,0.7024407386779785
28M2101987,28M2101987_14_25,0,0,1,/trinity/home/m.romanov/benchmarking/datasets/MIST_HER2/testB/28M2101987_14_25.jpg,/trinity/home/m.romanov/benchmarking/datasets/MIST_HER2/testA/28M2101987_14_25.jpg,0.5260427594184875
28M2101987,28M2101987_20_17,0,0,1,/trinity/home/m.romanov/benchmarking/datasets/MIST_HER2/testB/28M2101987_20_17.jpg,/trinity/home/m.romanov/benchmarking/datasets/MIST_HER2/testA/28M2101987_20_17.jpg,0.5841201543807983
28M2101987,28M2101987_25_15,0,0,1,/trinity/home/m.romanov/benchmarking/datasets/MIST_HER2/testB/28M2101987_25_15.jpg,/trinity/home/m.romanov/benchmarking/datasets/MIST_HER2/testA/28M2101987_25_15.jpg,0.6260262727737427
28M2101987,28M2101987_8_16,0,0,1,/trinity/home/m.romanov/benchmarking/datasets/MIST_HER2/testB/28M2101987_8_16.jpg,/trinity/home/m.romanov/benchmarking/datasets/MIST_HER2/testA/28M2101987_8_16.jpg,0.6031873226165771
2M2103108,2M2103108_13_15,0,0,1,/trinity/home/m.romanov/benchmarking/datasets/MIST_HER2/testB/2M2103108_13_15.jpg,/trinity/home/m.romanov/benchmarking/datasets/MIST_HER2/testA/2M2103108_13_15.jpg,0.5761916637420654
2M2103108,2M2103108_31_18,0,0,1,/trinity/home/m.romanov/benchmarking/datasets/MIST_HER2/testB/2M2103108_31_18.jpg,/trinity/home/m.romanov/benchmarking/datasets/MIST_HER2/testA/2M2103108_31_18.jpg,0.6047887802124023
2M2103108,2M2103108_6_14,0,0,1,/trinity/home/m.romanov/benchmarking/datasets/MIST_HER2/testB/2M2103108_6_14.jpg,/trinity/home/m.romanov/benchmarking/datasets/MIST_HER2/testA/2M2103108_6_14.jpg,0.5707857608795166
31M2101871,31M2101871_17_22,0,0,1,/trinity/home/m.romanov/benchmarking/datasets/MIST_HER2/testB/31M2101871_17_22.jpg,/trinity/home/m.romanov/benchmarking/datasets/MIST_HER2/testA/31M2101871_17_22.jpg,0.6081920862197876
31M2101871,31M2101871_33_9,0,0,1,/trinity/home/m.romanov/benchmarking/datasets/MIST_HER2/testB/31M2101871_33_9.jpg,/trinity/home/m.romanov/benchmarking/datasets/MIST_HER2/testA/31M2101871_33_9.jpg,0.5662207007408142
31M2101871,31M2101871_35_16,0,0,1,/trinity/home/m.romanov/benchmarking/datasets/MIST_HER2/testB/31M2101871_35_16.jpg,/trinity/home/m.romanov/benchmarking/datasets/MIST_HER2/testA/31M2101871_35_16.jpg,0.5733311176300049
31M2101871,31M2101871_38_15,0,0,1,/trinity/home/m.romanov/benchmarking/datasets/MIST_HER2/testB/31M2101871_38_15.jpg,/trinity/home/m.romanov/benchmarking/datasets/MIST_HER2/testA/31M2101871_38_15.jpg,0.579747200012207
31M2101871,31M2101871_5_19,0,0,1,/trinity/home/m.romanov/benchmarking/datasets/MIST_HER2/testB/31M2101871_5_19.jpg,/trinity/home/m.romanov/benchmarking/datasets/MIST_HER2/testA/31M2101871_5_19.jpg,0.5881784558296204
31M2101871,31M2101871_6_17,0,0,1,/trinity/home/m.romanov/benchmarking/datasets/MIST_HER2/testB/31M2101871_6_17.jpg,/trinity/home/m.romanov/benchmarking/datasets/MIST_HER2/testA/31M2101871_6_17.jpg,0.5921652913093567
31M2101871,31M2101871_8_17,0,0,1,/trinity/home/m.romanov/benchmarking/datasets/MIST_HER2/testB/31M2101871_8_17.jpg,/trinity/home/m.romanov/benchmarking/datasets/MIST_HER2/testA/31M2101871_8_17.jpg,0.5669832229614258
33M2101839,33M2101839_3_9,0,0,1,/trinity/home/m.romanov/benchmarking/datasets/MIST_HER2/testB/33M2101839_3_9.jpg,/trinity/home/m.romanov/benchmarking/datasets/MIST_HER2/testA/33M2101839_3_9.jpg,0.555483341217041
39M2101576,39M2101576_20_12,0,0,1,/trinity/home/m.romanov/benchmarking/datasets/MIST_HER2/testB/39M2101576_20_12.jpg,/trinity/home/m.romanov/benchmarking/datasets/MIST_HER2/testA/39M2101576_20_12.jpg,0.560549259185791
39M2101576,39M2101576_20_3,0,0,1,/trinity/home/m.romanov/benchmarking/datasets/MIST_HER2/testB/39M2101576_20_3.jpg,/trinity/home/m.romanov/benchmarking/datasets/MIST_HER2/testA/39M2101576_20_3.jpg,0.5712103843688965
39M2101576,39M2101576_22_17,0,0,1,/trinity/home/m.romanov/benchmarking/datasets/MIST_HER2/testB/39M2101576_22_17.jpg,/trinity/home/m.romanov/benchmarking/datasets/MIST_HER2/testA/39M2101576_22_17.jpg,0.577532172203064
39M2101576,39M2101576_8_27,0,0,1,/trinity/home/m.romanov/benchmarking/datasets/MIST_HER2/testB/39M2101576_8_27.jpg,/trinity/home/m.romanov/benchmarking/datasets/MIST_HER2/testA/39M2101576_8_27.jpg,0.5599727034568787
40M2101566,40M2101566_16_27,0,0,1,/trinity/home/m.romanov/benchmarking/datasets/MIST_HER2/testB/40M2101566_16_27.jpg,/trinity/home/m.romanov/benchmarking/datasets/MIST_HER2/testA/40M2101566_16_27.jpg,0.5876168608665466
40M2101566,40M2101566_26_26,0,0,1,/trinity/home/m.romanov/benchmarking/datasets/MIST_HER2/testB/40M2101566_26_26.jpg,/trinity/home/m.romanov/benchmarking/datasets/MIST_HER2/testA/40M2101566_26_26.jpg,0.5913537740707397
40M2101566,40M2101566_34_26,0,0,1,/trinity/home/m.romanov/benchmarking/datasets/MIST_HER2/testB/40M2101566_34_26.jpg,/trinity/home/m.romanov/benchmarking/datasets/MIST_HER2/testA/40M2101566_34_26.jpg,0.610251247882843
40M2101566,40M2101566_35_16,0,0,1,/trinity/home/m.romanov/benchmarking/datasets/MIST_HER2/testB/40M2101566_35_16.jpg,/trinity/home/m.romanov/benchmarking/datasets/MIST_HER2/testA/40M2101566_35_16.jpg,0.5981332063674927
40M2101566,40M2101566_35_37,0,0,1,/trinity/home/m.romanov/benchmarking/datasets/MIST_HER2/testB/40M2101566_35_37.jpg,/trinity/home/m.romanov/benchmarking/datasets/MIST_HER2/testA/40M2101566_35_37.jpg,0.6242548823356628
40M2101566,40M2101566_40_33,0,0,1,/trinity/home/m.romanov/benchmarking/datasets/MIST_HER2/testB/40M2101566_40_33.jpg,/trinity/home/m.romanov/benchmarking/datasets/MIST_HER2/testA/40M2101566_40_33.jpg,0.5845233201980591
40M2101566,40M2101566_41_31,0,0,1,/trinity/home/m.romanov/benchmarking/datasets/MIST_HER2/testB/40M2101566_41_31.jpg,/trinity/home/m.romanov/benchmarking/datasets/MIST_HER2/testA/40M2101566_41_31.jpg,0.6001121997833252
45M2101377,45M2101377_18_20,0,0,1,/trinity/home/m.romanov/benchmarking/datasets/MIST_HER2/testB/45M2101377_18_20.jpg,/trinity/home/m.romanov/benchmarking/datasets/MIST_HER2/testA/45M2101377_18_20.jpg,0.5486554503440857
48M2101314,48M2101314_13_27,0,0,1,/trinity/home/m.romanov/benchmarking/datasets/MIST_HER2/testB/48M2101314_13_27.jpg,/trinity/home/m.romanov/benchmarking/datasets/MIST_HER2/testA/48M2101314_13_27.jpg,0.5944733619689941
48M2101314,48M2101314_2_17,0,0,1,/trinity/home/m.romanov/benchmarking/datasets/MIST_HER2/testB/48M2101314_2_17.jpg,/trinity/home/m.romanov/benchmarking/datasets/MIST_HER2/testA/48M2101314_2_17.jpg,0.620416522026062
48M2101314,48M2101314_4_7,0,0,1,/trinity/home/m.romanov/benchmarking/datasets/MIST_HER2/testB/48M2101314_4_7.jpg,/trinity/home/m.romanov/benchmarking/datasets/MIST_HER2/testA/48M2101314_4_7.jpg,0.6152600049972534
48M2101314,48M2101314_8_30,0,0,1,/trinity/home/m.romanov/benchmarking/datasets/MIST_HER2/testB/48M2101314_8_30.jpg,/trinity/home/m.romanov/benchmarking/datasets/MIST_HER2/testA/48M2101314_8_30.jpg,0.5932544469833374
48M2101314,48M2101314_9_28,0,0,1,/trinity/home/m.romanov/benchmarking/datasets/MIST_HER2/testB/48M2101314_9_28.jpg,/trinity/home/m.romanov/benchmarking/datasets/MIST_HER2/testA/48M2101314_9_28.jpg,0.6158819198608398
4M2103059,4M2103059_16_12,0,0,1,/trinity/home/m.romanov/benchmarking/datasets/MIST_HER2/testB/4M2103059_16_12.jpg,/trinity/home/m.romanov/benchmarking/datasets/MIST_HER2/testA/4M2103059_16_12.jpg,0.5598772764205933
50M2101298,50M2101298_25_5,0,0,1,/trinity/home/m.romanov/benchmarking/datasets/MIST_HER2/testB/50M2101298_25_5.jpg,/trinity/home/m.romanov/benchmarking/datasets/MIST_HER2/testA/50M2101298_25_5.jpg,0.5742649435997009
51M2101285,51M2101285_22_14,0,0,1,/trinity/home/m.romanov/benchmarking/datasets/MIST_HER2/testB/51M2101285_22_14.jpg,/trinity/home/m.romanov/benchmarking/datasets/MIST_HER2/testA/51M2101285_22_14.jpg,0.5613776445388794
56M2101083,56M2101083_15_6,0,0,1,/trinity/home/m.romanov/benchmarking/datasets/MIST_HER2/testB/56M2101083_15_6.jpg,/trinity/home/m.romanov/benchmarking/datasets/MIST_HER2/testA/56M2101083_15_6.jpg,0.6615444421768188
57M2101034,57M2101034_12_17,0,0,1,/trinity/home/m.romanov/benchmarking/datasets/MIST_HER2/testB/57M2101034_12_17.jpg,/trinity/home/m.romanov/benchmarking/datasets/MIST_HER2/testA/57M2101034_12_17.jpg,0.6140515804290771
57M2101034,57M2101034_12_7,0,0,1,/trinity/home/m.romanov/benchmarking/datasets/MIST_HER2/testB/57M2101034_12_7.jpg,/trinity/home/m.romanov/benchmarking/datasets/MIST_HER2/testA/57M2101034_12_7.jpg,0.6161262392997742
57M2101034,57M2101034_15_3,0,0,1,/trinity/home/m.romanov/benchmarking/datasets/MIST_HER2/testB/57M2101034_15_3.jpg,/trinity/home/m.romanov/benchmarking/datasets/MIST_HER2/testA/57M2101034_15_3.jpg,0.6244062185287476
57M2101034,57M2101034_16_24,0,0,1,/trinity/home/m.romanov/benchmarking/datasets/MIST_HER2/testB/57M2101034_16_24.jpg,/trinity/home/m.romanov/benchmarking/datasets/MIST_HER2/testA/57M2101034_16_24.jpg,0.6244343519210815
57M2101034,57M2101034_16_4,0,0,1,/trinity/home/m.romanov/benchmarking/datasets/MIST_HER2/testB/57M2101034_16_4.jpg,/trinity/home/m.romanov/benchmarking/datasets/MIST_HER2/testA/57M2101034_16_4.jpg,0.6002817153930664
57M2101034,57M2101034_17_23,0,0,1,/trinity/home/m.romanov/benchmarking/datasets/MIST_HER2/testB/57M2101034_17_23.jpg,/trinity/home/m.romanov/benchmarking/datasets/MIST_HER2/testA/57M2101034_17_23.jpg,0.5875036716461182
57M2101034,57M2101034_19_20,0,0,1,/trinity/home/m.romanov/benchmarking/datasets/MIST_HER2/testB/57M2101034_19_20.jpg,/trinity/home/m.romanov/benchmarking/datasets/MIST_HER2/testA/57M2101034_19_20.jpg,0.6145734786987305
57M2101034,57M2101034_21_14,0,0,1,/trinity/home/m.romanov/benchmarking/datasets/MIST_HER2/testB/57M2101034_21_14.jpg,/trinity/home/m.romanov/benchmarking/datasets/MIST_HER2/testA/57M2101034_21_14.jpg,0.617507815361023
57M2101034,57M2101034_21_19,0,0,1,/trinity/home/m.romanov/benchmarking/datasets/MIST_HER2/testB/57M2101034_21_19.jpg,/trinity/home/m.romanov/benchmarking/datasets/MIST_HER2/testA/57M2101034_21_19.jpg,0.6323744654655457
57M2101034,57M2101034_30_15,0,0,1,/trinity/home/m.romanov/benchmarking/datasets/MIST_HER2/testB/57M2101034_30_15.jpg,/trinity/home/m.romanov/benchmarking/datasets/MIST_HER2/testA/57M2101034_30_15.jpg,0.610824704170227
57M2101034,57M2101034_31_28,0,0,1,/trinity/home/m.romanov/benchmarking/datasets/MIST_HER2/testB/57M2101034_31_28.jpg,/trinity/home/m.romanov/benchmarking/datasets/MIST_HER2/testA/57M2101034_31_28.jpg,0.5972587466239929
57M2101034,57M2101034_8_27,0,0,1,/trinity/home/m.romanov/benchmarking/datasets/MIST_HER2/testB/57M2101034_8_27.jpg,/trinity/home/m.romanov/benchmarking/datasets/MIST_HER2/testA/57M2101034_8_27.jpg,0.6706191301345825
60M2100980,60M2100980_37_15,0,0,1,/trinity/home/m.romanov/benchmarking/datasets/MIST_HER2/testB/60M2100980_37_15.jpg,/trinity/home/m.romanov/benchmarking/datasets/MIST_HER2/testA/60M2100980_37_15.jpg,0.5885517597198486
65M2100668,65M2100668_17_23,0,0,1,/trinity/home/m.romanov/benchmarking/datasets/MIST_HER2/testB/65M2100668_17_23.jpg,/trinity/home/m.romanov/benchmarking/datasets/MIST_HER2/testA/65M2100668_17_23.jpg,0.6404120326042175
68M2100640,68M2100640_15_8,0,0,1,/trinity/home/m.romanov/benchmarking/datasets/MIST_HER2/testB/68M2100640_15_8.jpg,/trinity/home/m.romanov/benchmarking/datasets/MIST_HER2/testA/68M2100640_15_8.jpg,0.6255989074707031
68M2100640,68M2100640_26_25,0,0,1,/trinity/home/m.romanov/benchmarking/datasets/MIST_HER2/testB/68M2100640_26_25.jpg,/trinity/home/m.romanov/benchmarking/datasets/MIST_HER2/testA/68M2100640_26_25.jpg,0.5779737234115601
68M2100640,68M2100640_8_18,0,0,1,/trinity/home/m.romanov/benchmarking/datasets/MIST_HER2/testB/68M2100640_8_18.jpg,/trinity/home/m.romanov/benchmarking/datasets/MIST_HER2/testA/68M2100640_8_18.jpg,0.6492034196853638
69M2100632,69M2100632_29_9,0,0,1,/trinity/home/m.romanov/benchmarking/datasets/MIST_HER2/testB/69M2100632_29_9.jpg,/trinity/home/m.romanov/benchmarking/datasets/MIST_HER2/testA/69M2100632_29_9.jpg,0.5947426557540894
6M2103024,6M2103024_14_15,0,0,1,/trinity/home/m.romanov/benchmarking/datasets/MIST_HER2/testB/6M2103024_14_15.jpg,/trinity/home/m.romanov/benchmarking/datasets/MIST_HER2/testA/6M2103024_14_15.jpg,0.5613957047462463
6M2103024,6M2103024_18_16,0,0,1,/trinity/home/m.romanov/benchmarking/datasets/MIST_HER2/testB/6M2103024_18_16.jpg,/trinity/home/m.romanov/benchmarking/datasets/MIST_HER2/testA/6M2103024_18_16.jpg,0.5820860266685486
6M2103024,6M2103024_22_18,0,0,1,/trinity/home/m.romanov/benchmarking/datasets/MIST_HER2/testB/6M2103024_22_18.jpg,/trinity/home/m.romanov/benchmarking/datasets/MIST_HER2/testA/6M2103024_22_18.jpg,0.5986234545707703
6M2103024,6M2103024_8_22,0,0,1,/trinity/home/m.romanov/benchmarking/datasets/MIST_HER2/testB/6M2103024_8_22.jpg,/trinity/home/m.romanov/benchmarking/datasets/MIST_HER2/testA/6M2103024_8_22.jpg,0.5860430598258972
70M2100623,70M2100623_23_21,0,0,1,/trinity/home/m.romanov/benchmarking/datasets/MIST_HER2/testB/70M2100623_23_21.jpg,/trinity/home/m.romanov/benchmarking/datasets/MIST_HER2/testA/70M2100623_23_21.jpg,0.6197277307510376
70M2100623,70M2100623_28_22,0,0,1,/trinity/home/m.romanov/benchmarking/datasets/MIST_HER2/testB/70M2100623_28_22.jpg,/trinity/home/m.romanov/benchmarking/datasets/MIST_HER2/testA/70M2100623_28_22.jpg,0.6229513883590698
70M2100623,70M2100623_35_10,0,0,1,/trinity/home/m.romanov/benchmarking/datasets/MIST_HER2/testB/70M2100623_35_10.jpg,/trinity/home/m.romanov/benchmarking/datasets/MIST_HER2/testA/70M2100623_35_10.jpg,0.6370692253112793
74M2100526,74M2100526_12_14,0,0,1,/trinity/home/m.romanov/benchmarking/datasets/MIST_HER2/testB/74M2100526_12_14.jpg,/trinity/home/m.romanov/benchmarking/datasets/MIST_HER2/testA/74M2100526_12_14.jpg,0.5637299418449402
74M2100526,74M2100526_15_29,0,0,1,/trinity/home/m.romanov/benchmarking/datasets/MIST_HER2/testB/74M2100526_15_29.jpg,/trinity/home/m.romanov/benchmarking/datasets/MIST_HER2/testA/74M2100526_15_29.jpg,0.5953012704849243
74M2100526,74M2100526_17_28,0,0,1,/trinity/home/m.romanov/benchmarking/datasets/MIST_HER2/testB/74M2100526_17_28.jpg,/trinity/home/m.romanov/benchmarking/datasets/MIST_HER2/testA/74M2100526_17_28.jpg,0.5622392892837524
74M2100526,74M2100526_19_21,0,0,1,/trinity/home/m.romanov/benchmarking/datasets/MIST_HER2/testB/74M2100526_19_21.jpg,/trinity/home/m.romanov/benchmarking/datasets/MIST_HER2/testA/74M2100526_19_21.jpg,0.5480575561523438
79M2100417,79M2100417_9_19,0,0,1,/trinity/home/m.romanov/benchmarking/datasets/MIST_HER2/testB/79M2100417_9_19.jpg,/trinity/home/m.romanov/benchmarking/datasets/MIST_HER2/testA/79M2100417_9_19.jpg,0.6286558508872986
80M2100377,80M2100377_17_18,0,0,1,/trinity/home/m.romanov/benchmarking/datasets/MIST_HER2/testB/80M2100377_17_18.jpg,/trinity/home/m.romanov/benchmarking/datasets/MIST_HER2/testA/80M2100377_17_18.jpg,0.6150253415107727
81M2100356,81M2100356_17_14,0,0,1,/trinity/home/m.romanov/benchmarking/datasets/MIST_HER2/testB/81M2100356_17_14.jpg,/trinity/home/m.romanov/benchmarking/datasets/MIST_HER2/testA/81M2100356_17_14.jpg,0.6030285358428955
81M2100356,81M2100356_20_29,0,0,1,/trinity/home/m.romanov/benchmarking/datasets/MIST_HER2/testB/81M2100356_20_29.jpg,/trinity/home/m.romanov/benchmarking/datasets/MIST_HER2/testA/81M2100356_20_29.jpg,0.6035527586936951
81M2100356,81M2100356_24_34,0,0,1,/trinity/home/m.romanov/benchmarking/datasets/MIST_HER2/testB/81M2100356_24_34.jpg,/trinity/home/m.romanov/benchmarking/datasets/MIST_HER2/testA/81M2100356_24_34.jpg,0.642654538154602
83M2100256,83M2100256_3_19,0,0,1,/trinity/home/m.romanov/benchmarking/datasets/MIST_HER2/testB/83M2100256_3_19.jpg,/trinity/home/m.romanov/benchmarking/datasets/MIST_HER2/testA/83M2100256_3_19.jpg,0.5747578144073486
88M2100218,88M2100218_10_29,0,0,1,/trinity/home/m.romanov/benchmarking/datasets/MIST_HER2/testB/88M2100218_10_29.jpg,/trinity/home/m.romanov/benchmarking/datasets/MIST_HER2/testA/88M2100218_10_29.jpg,0.65423184633255
88M2100218,88M2100218_11_14,0,0,1,/trinity/home/m.romanov/benchmarking/datasets/MIST_HER2/testB/88M2100218_11_14.jpg,/trinity/home/m.romanov/benchmarking/datasets/MIST_HER2/testA/88M2100218_11_14.jpg,0.6133793592453003
88M2100218,88M2100218_17_5,0,0,1,/trinity/home/m.romanov/benchmarking/datasets/MIST_HER2/testB/88M2100218_17_5.jpg,/trinity/home/m.romanov/benchmarking/datasets/MIST_HER2/testA/88M2100218_17_5.jpg,0.6414729356765747
88M2100218,88M2100218_23_8,0,0,1,/trinity/home/m.romanov/benchmarking/datasets/MIST_HER2/testB/88M2100218_23_8.jpg,/trinity/home/m.romanov/benchmarking/datasets/MIST_HER2/testA/88M2100218_23_8.jpg,0.6593210697174072
88M2100218,88M2100218_26_16,0,0,1,/trinity/home/m.romanov/benchmarking/datasets/MIST_HER2/testB/88M2100218_26_16.jpg,/trinity/home/m.romanov/benchmarking/datasets/MIST_HER2/testA/88M2100218_26_16.jpg,0.6514536142349243
88M2100218,88M2100218_27_7,0,0,1,/trinity/home/m.romanov/benchmarking/datasets/MIST_HER2/testB/88M2100218_27_7.jpg,/trinity/home/m.romanov/benchmarking/datasets/MIST_HER2/testA/88M2100218_27_7.jpg,0.640662431716919
88M2100218,88M2100218_31_20,0,0,1,/trinity/home/m.romanov/benchmarking/datasets/MIST_HER2/testB/88M2100218_31_20.jpg,/trinity/home/m.romanov/benchmarking/datasets/MIST_HER2/testA/88M2100218_31_20.jpg,0.6859695315361023
89M2100212,89M2100212_10_18,0,0,1,/trinity/home/m.romanov/benchmarking/datasets/MIST_HER2/testB/89M2100212_10_18.jpg,/trinity/home/m.romanov/benchmarking/datasets/MIST_HER2/testA/89M2100212_10_18.jpg,0.5929920673370361
89M2100212,89M2100212_26_23,0,0,1,/trinity/home/m.romanov/benchmarking/datasets/MIST_HER2/testB/89M2100212_26_23.jpg,/trinity/home/m.romanov/benchmarking/datasets/MIST_HER2/testA/89M2100212_26_23.jpg,0.6057866811752319
89M2100212,89M2100212_3_20,0,0,1,/trinity/home/m.romanov/benchmarking/datasets/MIST_HER2/testB/89M2100212_3_20.jpg,/trinity/home/m.romanov/benchmarking/datasets/MIST_HER2/testA/89M2100212_3_20.jpg,0.5287762880325317
89M2100212,89M2100212_5_11,0,0,1,/trinity/home/m.romanov/benchmarking/datasets/MIST_HER2/testB/89M2100212_5_11.jpg,/trinity/home/m.romanov/benchmarking/datasets/MIST_HER2/testA/89M2100212_5_11.jpg,0.5731182098388672
89M2100212,89M2100212_5_16,0,0,1,/trinity/home/m.romanov/benchmarking/datasets/MIST_HER2/testB/89M2100212_5_16.jpg,/trinity/home/m.romanov/benchmarking/datasets/MIST_HER2/testA/89M2100212_5_16.jpg,0.6206339597702026
89M2100212,89M2100212_5_21,0,0,1,/trinity/home/m.romanov/benchmarking/datasets/MIST_HER2/testB/89M2100212_5_21.jpg,/trinity/home/m.romanov/benchmarking/datasets/MIST_HER2/testA/89M2100212_5_21.jpg,0.5602792501449585
89M2100212,89M2100212_9_17,0,0,1,/trinity/home/m.romanov/benchmarking/datasets/MIST_HER2/testB/89M2100212_9_17.jpg,/trinity/home/m.romanov/benchmarking/datasets/MIST_HER2/testA/89M2100212_9_17.jpg,0.6013566255569458
89M2100212,89M2100212_9_22,0,0,1,/trinity/home/m.romanov/benchmarking/datasets/MIST_HER2/testB/89M2100212_9_22.jpg,/trinity/home/m.romanov/benchmarking/datasets/MIST_HER2/testA/89M2100212_9_22.jpg,0.626806914806366
92M2100150,92M2100150_13_16,0,0,1,/trinity/home/m.romanov/benchmarking/datasets/MIST_HER2/testB/92M2100150_13_16.jpg,/trinity/home/m.romanov/benchmarking/datasets/MIST_HER2/testA/92M2100150_13_16.jpg,0.5817060470581055
92M2100150,92M2100150_13_8,0,0,1,/trinity/home/m.romanov/benchmarking/datasets/MIST_HER2/testB/92M2100150_13_8.jpg,/trinity/home/m.romanov/benchmarking/datasets/MIST_HER2/testA/92M2100150_13_8.jpg,0.5730442404747009
92M2100150,92M2100150_18_30,0,0,1,/trinity/home/m.romanov/benchmarking/datasets/MIST_HER2/testB/92M2100150_18_30.jpg,/trinity/home/m.romanov/benchmarking/datasets/MIST_HER2/testA/92M2100150_18_30.jpg,0.5574654340744019
92M2100150,92M2100150_20_18,0,0,1,/trinity/home/m.romanov/benchmarking/datasets/MIST_HER2/testB/92M2100150_20_18.jpg,/trinity/home/m.romanov/benchmarking/datasets/MIST_HER2/testA/92M2100150_20_18.jpg,0.5418606996536255
92M2100150,92M2100150_20_29,0,0,1,/trinity/home/m.romanov/benchmarking/datasets/MIST_HER2/testB/92M2100150_20_29.jpg,/trinity/home/m.romanov/benchmarking/datasets/MIST_HER2/testA/92M2100150_20_29.jpg,0.6037788391113281
93M2100147,93M2100147_13_10,0,0,1,/trinity/home/m.romanov/benchmarking/datasets/MIST_HER2/testB/93M2100147_13_10.jpg,/trinity/home/m.romanov/benchmarking/datasets/MIST_HER2/testA/93M2100147_13_10.jpg,0.6981369853019714
93M2100147,93M2100147_13_22,0,0,1,/trinity/home/m.romanov/benchmarking/datasets/MIST_HER2/testB/93M2100147_13_22.jpg,/trinity/home/m.romanov/benchmarking/datasets/MIST_HER2/testA/93M2100147_13_22.jpg,0.6188709139823914
97M2100034,97M2100034_14_19,0,0,1,/trinity/home/m.romanov/benchmarking/datasets/MIST_HER2/testB/97M2100034_14_19.jpg,/trinity/home/m.romanov/benchmarking/datasets/MIST_HER2/testA/97M2100034_14_19.jpg,0.5789002180099487
98M2004096,98M2004096_12_13,0,0,1,/trinity/home/m.romanov/benchmarking/datasets/MIST_HER2/testB/98M2004096_12_13.jpg,/trinity/home/m.romanov/benchmarking/datasets/MIST_HER2/testA/98M2004096_12_13.jpg,0.6431926488876343
98M2004096,98M2004096_8_16,0,0,1,/trinity/home/m.romanov/benchmarking/datasets/MIST_HER2/testB/98M2004096_8_16.jpg,/trinity/home/m.romanov/benchmarking/datasets/MIST_HER2/testA/98M2004096_8_16.jpg,0.6721584796905518
100M2004069,100M2004069_25_16,0,0,2,/trinity/home/m.romanov/benchmarking/datasets/MIST_HER2/testB/100M2004069_25_16.jpg,/trinity/home/m.romanov/benchmarking/datasets/MIST_HER2/testA/100M2004069_25_16.jpg,0.5702106952667236
10M2102916,10M2102916_23_30,0,0,2,/trinity/home/m.romanov/benchmarking/datasets/MIST_HER2/testB/10M2102916_23_30.jpg,/trinity/home/m.romanov/benchmarking/datasets/MIST_HER2/testA/10M2102916_23_30.jpg,0.6128183603286743
10M2102916,10M2102916_30_7,0,0,2,/trinity/home/m.romanov/benchmarking/datasets/MIST_HER2/testB/10M2102916_30_7.jpg,/trinity/home/m.romanov/benchmarking/datasets/MIST_HER2/testA/10M2102916_30_7.jpg,0.5983205437660217
10M2102916,10M2102916_36_28,0,0,2,/trinity/home/m.romanov/benchmarking/datasets/MIST_HER2/testB/10M2102916_36_28.jpg,/trinity/home/m.romanov/benchmarking/datasets/MIST_HER2/testA/10M2102916_36_28.jpg,0.6032476425170898
10M2102916,10M2102916_38_17,0,0,2,/trinity/home/m.romanov/benchmarking/datasets/MIST_HER2/testB/10M2102916_38_17.jpg,/trinity/home/m.romanov/benchmarking/datasets/MIST_HER2/testA/10M2102916_38_17.jpg,0.7067258358001709
14M2102785,14M2102785_23_18,0,0,2,/trinity/home/m.romanov/benchmarking/datasets/MIST_HER2/testB/14M2102785_23_18.jpg,/trinity/home/m.romanov/benchmarking/datasets/MIST_HER2/testA/14M2102785_23_18.jpg,0.5796864628791809
14M2102785,14M2102785_24_13,0,0,2,/trinity/home/m.romanov/benchmarking/datasets/MIST_HER2/testB/14M2102785_24_13.jpg,/trinity/home/m.romanov/benchmarking/datasets/MIST_HER2/testA/14M2102785_24_13.jpg,0.6306048035621643
15M2102762,15M2102762_23_10,0,0,2,/trinity/home/m.romanov/benchmarking/datasets/MIST_HER2/testB/15M2102762_23_10.jpg,/trinity/home/m.romanov/benchmarking/datasets/MIST_HER2/testA/15M2102762_23_10.jpg,0.5754170417785645
16M2102718,16M2102718_13_26,0,0,2,/trinity/home/m.romanov/benchmarking/datasets/MIST_HER2/testB/16M2102718_13_26.jpg,/trinity/home/m.romanov/benchmarking/datasets/MIST_HER2/testA/16M2102718_13_26.jpg,0.5708019733428955
16M2102718,16M2102718_18_30,0,0,2,/trinity/home/m.romanov/benchmarking/datasets/MIST_HER2/testB/16M2102718_18_30.jpg,/trinity/home/m.romanov/benchmarking/datasets/MIST_HER2/testA/16M2102718_18_30.jpg,0.6330676674842834
16M2102718,16M2102718_23_10,0,0,2,/trinity/home/m.romanov/benchmarking/datasets/MIST_HER2/testB/16M2102718_23_10.jpg,/trinity/home/m.romanov/benchmarking/datasets/MIST_HER2/testA/16M2102718_23_10.jpg,0.6132176518440247
19M2102438,19M2102438_14_22,0,0,2,/trinity/home/m.romanov/benchmarking/datasets/MIST_HER2/testB/19M2102438_14_22.jpg,/trinity/home/m.romanov/benchmarking/datasets/MIST_HER2/testA/19M2102438_14_22.jpg,0.6789366006851196
19M2102438,19M2102438_15_18,0,0,2,/trinity/home/m.romanov/benchmarking/datasets/MIST_HER2/testB/19M2102438_15_18.jpg,/trinity/home/m.romanov/benchmarking/datasets/MIST_HER2/testA/19M2102438_15_18.jpg,0.7115480899810791
19M2102438,19M2102438_31_16,0,0,2,/trinity/home/m.romanov/benchmarking/datasets/MIST_HER2/testB/19M2102438_31_16.jpg,/trinity/home/m.romanov/benchmarking/datasets/MIST_HER2/testA/19M2102438_31_16.jpg,0.6921819448471069
22M2102266,22M2102266_10_18,0,0,2,/trinity/home/m.romanov/benchmarking/datasets/MIST_HER2/testB/22M2102266_10_18.jpg,/trinity/home/m.romanov/benchmarking/datasets/MIST_HER2/testA/22M2102266_10_18.jpg,0.6347366571426392
22M2102266,22M2102266_12_16,0,0,2,/trinity/home/m.romanov/benchmarking/datasets/MIST_HER2/testB/22M2102266_12_16.jpg,/trinity/home/m.romanov/benchmarking/datasets/MIST_HER2/testA/22M2102266_12_16.jpg,0.5859736204147339
22M2102266,22M2102266_16_23,0,0,2,/trinity/home/m.romanov/benchmarking/datasets/MIST_HER2/testB/22M2102266_16_23.jpg,/trinity/home/m.romanov/benchmarking/datasets/MIST_HER2/testA/22M2102266_16_23.jpg,0.5682960152626038
22M2102266,22M2102266_19_18,0,0,2,/trinity/home/m.romanov/benchmarking/datasets/MIST_HER2/testB/22M2102266_19_18.jpg,/trinity/home/m.romanov/benchmarking/datasets/MIST_HER2/testA/22M2102266_19_18.jpg,0.5978726744651794
22M2102266,22M2102266_21_19,0,0,2,/trinity/home/m.romanov/benchmarking/datasets/MIST_HER2/testB/22M2102266_21_19.jpg,/trinity/home/m.romanov/benchmarking/datasets/MIST_HER2/testA/22M2102266_21_19.jpg,0.6071069240570068
23M2102136,23M2102136_12_21,0,0,2,/trinity/home/m.romanov/benchmarking/datasets/MIST_HER2/testB/23M2102136_12_21.jpg,/trinity/home/m.romanov/benchmarking/datasets/MIST_HER2/testA/23M2102136_12_21.jpg,0.5670725107192993
23M2102136,23M2102136_37_15,0,0,2,/trinity/home/m.romanov/benchmarking/datasets/MIST_HER2/testB/23M2102136_37_15.jpg,/trinity/home/m.romanov/benchmarking/datasets/MIST_HER2/testA/23M2102136_37_15.jpg,0.5655675530433655
27M2102007,27M2102007_10_16,0,0,2,/trinity/home/m.romanov/benchmarking/datasets/MIST_HER2/testB/27M2102007_10_16.jpg,/trinity/home/m.romanov/benchmarking/datasets/MIST_HER2/testA/27M2102007_10_16.jpg,0.6317119002342224
27M2102007,27M2102007_12_30,0,0,2,/trinity/home/m.romanov/benchmarking/datasets/MIST_HER2/testB/27M2102007_12_30.jpg,/trinity/home/m.romanov/benchmarking/datasets/MIST_HER2/testA/27M2102007_12_30.jpg,0.6326843500137329
27M2102007,27M2102007_9_32,0,0,2,/trinity/home/m.romanov/benchmarking/datasets/MIST_HER2/testB/27M2102007_9_32.jpg,/trinity/home/m.romanov/benchmarking/datasets/MIST_HER2/testA/27M2102007_9_32.jpg,0.6195427775382996
28M2101987,28M2101987_12_31,0,0,2,/trinity/home/m.romanov/benchmarking/datasets/MIST_HER2/testB/28M2101987_12_31.jpg,/trinity/home/m.romanov/benchmarking/datasets/MIST_HER2/testA/28M2101987_12_31.jpg,0.6168081760406494
28M2101987,28M2101987_18_11,0,0,2,/trinity/home/m.romanov/benchmarking/datasets/MIST_HER2/testB/28M2101987_18_11.jpg,/trinity/home/m.romanov/benchmarking/datasets/MIST_HER2/testA/28M2101987_18_11.jpg,0.6041461825370789
28M2101987,28M2101987_23_25,0,0,2,/trinity/home/m.romanov/benchmarking/datasets/MIST_HER2/testB/28M2101987_23_25.jpg,/trinity/home/m.romanov/benchmarking/datasets/MIST_HER2/testA/28M2101987_23_25.jpg,0.6260500550270081
28M2101987,28M2101987_6_18,0,0,2,/trinity/home/m.romanov/benchmarking/datasets/MIST_HER2/testB/28M2101987_6_18.jpg,/trinity/home/m.romanov/benchmarking/datasets/MIST_HER2/testA/28M2101987_6_18.jpg,0.5884300470352173
30M2101953,30M2101953_12_18,0,0,2,/trinity/home/m.romanov/benchmarking/datasets/MIST_HER2/testB/30M2101953_12_18.jpg,/trinity/home/m.romanov/benchmarking/datasets/MIST_HER2/testA/30M2101953_12_18.jpg,0.5634028315544128
30M2101953,30M2101953_16_19,0,0,2,/trinity/home/m.romanov/benchmarking/datasets/MIST_HER2/testB/30M2101953_16_19.jpg,/trinity/home/m.romanov/benchmarking/datasets/MIST_HER2/testA/30M2101953_16_19.jpg,0.5937268137931824
30M2101953,30M2101953_8_8,0,0,2,/trinity/home/m.romanov/benchmarking/datasets/MIST_HER2/testB/30M2101953_8_8.jpg,/trinity/home/m.romanov/benchmarking/datasets/MIST_HER2/testA/30M2101953_8_8.jpg,0.6086393594741821
31M2101871,31M2101871_10_21,0,0,2,/trinity/home/m.romanov/benchmarking/datasets/MIST_HER2/testB/31M2101871_10_21.jpg,/trinity/home/m.romanov/benchmarking/datasets/MIST_HER2/testA/31M2101871_10_21.jpg,0.5405933856964111
31M2101871,31M2101871_12_15,0,0,2,/trinity/home/m.romanov/benchmarking/datasets/MIST_HER2/testB/31M2101871_12_15.jpg,/trinity/home/m.romanov/benchmarking/datasets/MIST_HER2/testA/31M2101871_12_15.jpg,0.6010373830795288
31M2101871,31M2101871_29_14,0,0,2,/trinity/home/m.romanov/benchmarking/datasets/MIST_HER2/testB/31M2101871_29_14.jpg,/trinity/home/m.romanov/benchmarking/datasets/MIST_HER2/testA/31M2101871_29_14.jpg,0.5994150638580322
31M2101871,31M2101871_32_7,0,0,2,/trinity/home/m.romanov/benchmarking/datasets/MIST_HER2/testB/31M2101871_32_7.jpg,/trinity/home/m.romanov/benchmarking/datasets/MIST_HER2/testA/31M2101871_32_7.jpg,0.5353459119796753
31M2101871,31M2101871_37_19,0,0,2,/trinity/home/m.romanov/benchmarking/datasets/MIST_HER2/testB/31M2101871_37_19.jpg,/trinity/home/m.romanov/benchmarking/datasets/MIST_HER2/testA/31M2101871_37_19.jpg,0.5692318677902222
31M2101871,31M2101871_38_13,0,0,2,/trinity/home/m.romanov/benchmarking/datasets/MIST_HER2/testB/31M2101871_38_13.jpg,/trinity/home/m.romanov/benchmarking/datasets/MIST_HER2/testA/31M2101871_38_13.jpg,0.5775759816169739
31M2101871,31M2101871_6_23,0,0,2,/trinity/home/m.romanov/benchmarking/datasets/MIST_HER2/testB/31M2101871_6_23.jpg,/trinity/home/m.romanov/benchmarking/datasets/MIST_HER2/testA/31M2101871_6_23.jpg,0.5234848260879517
33M2101839,33M2101839_12_6,0,0,2,/trinity/home/m.romanov/benchmarking/datasets/MIST_HER2/testB/33M2101839_12_6.jpg,/trinity/home/m.romanov/benchmarking/datasets/MIST_HER2/testA/33M2101839_12_6.jpg,0.6960152387619019
33M2101839,33M2101839_13_14,0,0,2,/trinity/home/m.romanov/benchmarking/datasets/MIST_HER2/testB/33M2101839_13_14.jpg,/trinity/home/m.romanov/benchmarking/datasets/MIST_HER2/testA/33M2101839_13_14.jpg,0.6088836193084717
33M2101839,33M2101839_15_9,0,0,2,/trinity/home/m.romanov/benchmarking/datasets/MIST_HER2/testB/33M2101839_15_9.jpg,/trinity/home/m.romanov/benchmarking/datasets/MIST_HER2/testA/33M2101839_15_9.jpg,0.6534186601638794
35M2101733,35M2101733_9_3,0,0,2,/trinity/home/m.romanov/benchmarking/datasets/MIST_HER2/testB/35M2101733_9_3.jpg,/trinity/home/m.romanov/benchmarking/datasets/MIST_HER2/testA/35M2101733_9_3.jpg,0.5638427734375
35M2101733,35M2101733_9_6,0,0,2,/trinity/home/m.romanov/benchmarking/datasets/MIST_HER2/testB/35M2101733_9_6.jpg,/trinity/home/m.romanov/benchmarking/datasets/MIST_HER2/testA/35M2101733_9_6.jpg,0.5911499261856079
44M2101492,44M2101492_12_17,0,0,2,/trinity/home/m.romanov/benchmarking/datasets/MIST_HER2/testB/44M2101492_12_17.jpg,/trinity/home/m.romanov/benchmarking/datasets/MIST_HER2/testA/44M2101492_12_17.jpg,0.5592674016952515
44M2101492,44M2101492_13_13,0,0,2,/trinity/home/m.romanov/benchmarking/datasets/MIST_HER2/testB/44M2101492_13_13.jpg,/trinity/home/m.romanov/benchmarking/datasets/MIST_HER2/testA/44M2101492_13_13.jpg,0.5421876907348633
44M2101492,44M2101492_18_29,0,0,2,/trinity/home/m.romanov/benchmarking/datasets/MIST_HER2/testB/44M2101492_18_29.jpg,/trinity/home/m.romanov/benchmarking/datasets/MIST_HER2/testA/44M2101492_18_29.jpg,0.5660560727119446
44M2101492,44M2101492_20_31,0,0,2,/trinity/home/m.romanov/benchmarking/datasets/MIST_HER2/testB/44M2101492_20_31.jpg,/trinity/home/m.romanov/benchmarking/datasets/MIST_HER2/testA/44M2101492_20_31.jpg,0.5513166189193726
44M2101492,44M2101492_21_26,0,0,2,/trinity/home/m.romanov/benchmarking/datasets/MIST_HER2/testB/44M2101492_21_26.jpg,/trinity/home/m.romanov/benchmarking/datasets/MIST_HER2/testA/44M2101492_21_26.jpg,0.5679761171340942
44M2101492,44M2101492_23_27,0,0,2,/trinity/home/m.romanov/benchmarking/datasets/MIST_HER2/testB/44M2101492_23_27.jpg,/trinity/home/m.romanov/benchmarking/datasets/MIST_HER2/testA/44M2101492_23_27.jpg,0.5418404340744019
44M2101492,44M2101492_28_27,0,0,2,/trinity/home/m.romanov/benchmarking/datasets/MIST_HER2/testB/44M2101492_28_27.jpg,/trinity/home/m.romanov/benchmarking/datasets/MIST_HER2/testA/44M2101492_28_27.jpg,0.5726521015167236
45M2101377,45M2101377_15_18,0,0,2,/trinity/home/m.romanov/benchmarking/datasets/MIST_HER2/testB/45M2101377_15_18.jpg,/trinity/home/m.romanov/benchmarking/datasets/MIST_HER2/testA/45M2101377_15_18.jpg,0.5566896200180054
45M2101377,45M2101377_26_11,0,0,2,/trinity/home/m.romanov/benchmarking/datasets/MIST_HER2/testB/45M2101377_26_11.jpg,/trinity/home/m.romanov/benchmarking/datasets/MIST_HER2/testA/45M2101377_26_11.jpg,0.5725377202033997
46M2101353,46M2101353_30_20,0,0,2,/trinity/home/m.romanov/benchmarking/datasets/MIST_HER2/testB/46M2101353_30_20.jpg,/trinity/home/m.romanov/benchmarking/datasets/MIST_HER2/testA/46M2101353_30_20.jpg,0.5976390838623047
46M2101353,46M2101353_30_22,0,0,2,/trinity/home/m.romanov/benchmarking/datasets/MIST_HER2/testB/46M2101353_30_22.jpg,/trinity/home/m.romanov/benchmarking/datasets/MIST_HER2/testA/46M2101353_30_22.jpg,0.6080793142318726
47M2101316,47M2101316_15_29,0,0,2,/trinity/home/m.romanov/benchmarking/datasets/MIST_HER2/testB/47M2101316_15_29.jpg,/trinity/home/m.romanov/benchmarking/datasets/MIST_HER2/testA/47M2101316_15_29.jpg,0.5668147802352905
47M2101316,47M2101316_7_22,0,0,2,/trinity/home/m.romanov/benchmarking/datasets/MIST_HER2/testB/47M2101316_7_22.jpg,/trinity/home/m.romanov/benchmarking/datasets/MIST_HER2/testA/47M2101316_7_22.jpg,0.5777467489242554
48M2101314,48M2101314_23_34,0,0,2,/trinity/home/m.romanov/benchmarking/datasets/MIST_HER2/testB/48M2101314_23_34.jpg,/trinity/home/m.romanov/benchmarking/datasets/MIST_HER2/testA/48M2101314_23_34.jpg,0.6091945171356201
48M2101314,48M2101314_33_37,0,0,2,/trinity/home/m.romanov/benchmarking/datasets/MIST_HER2/testB/48M2101314_33_37.jpg,/trinity/home/m.romanov/benchmarking/datasets/MIST_HER2/testA/48M2101314_33_37.jpg,0.6059404611587524
4M2103059,4M2103059_19_16,0,0,2,/trinity/home/m.romanov/benchmarking/datasets/MIST_HER2/testB/4M2103059_19_16.jpg,/trinity/home/m.romanov/benchmarking/datasets/MIST_HER2/testA/4M2103059_19_16.jpg,0.5723475217819214
4M2103059,4M2103059_23_12,0,0,2,/trinity/home/m.romanov/benchmarking/datasets/MIST_HER2/testB/4M2103059_23_12.jpg,/trinity/home/m.romanov/benchmarking/datasets/MIST_HER2/testA/4M2103059_23_12.jpg,0.5793954133987427
4M2103059,4M2103059_24_21,0,0,2,/trinity/home/m.romanov/benchmarking/datasets/MIST_HER2/testB/4M2103059_24_21.jpg,/trinity/home/m.romanov/benchmarking/datasets/MIST_HER2/testA/4M2103059_24_21.jpg,0.6367607116699219
4M2103059,4M2103059_26_9,0,0,2,/trinity/home/m.romanov/benchmarking/datasets/MIST_HER2/testB/4M2103059_26_9.jpg,/trinity/home/m.romanov/benchmarking/datasets/MIST_HER2/testA/4M2103059_26_9.jpg,0.5835553407669067
50M2101298,50M2101298_15_12,0,0,2,/trinity/home/m.romanov/benchmarking/datasets/MIST_HER2/testB/50M2101298_15_12.jpg,/trinity/home/m.romanov/benchmarking/datasets/MIST_HER2/testA/50M2101298_15_12.jpg,0.5510743856430054
50M2101298,50M2101298_8_13,0,0,2,/trinity/home/m.romanov/benchmarking/datasets/MIST_HER2/testB/50M2101298_8_13.jpg,/trinity/home/m.romanov/benchmarking/datasets/MIST_HER2/testA/50M2101298_8_13.jpg,0.5293673276901245
50M2101298,50M2101298_9_12,0,0,2,/trinity/home/m.romanov/benchmarking/datasets/MIST_HER2/testB/50M2101298_9_12.jpg,/trinity/home/m.romanov/benchmarking/datasets/MIST_HER2/testA/50M2101298_9_12.jpg,0.532559871673584
51M2101285,51M2101285_14_10,0,0,2,/trinity/home/m.romanov/benchmarking/datasets/MIST_HER2/testB/51M2101285_14_10.jpg,/trinity/home/m.romanov/benchmarking/datasets/MIST_HER2/testA/51M2101285_14_10.jpg,0.6625663042068481
51M2101285,51M2101285_29_18,0,0,2,/trinity/home/m.romanov/benchmarking/datasets/MIST_HER2/testB/51M2101285_29_18.jpg,/trinity/home/m.romanov/benchmarking/datasets/MIST_HER2/testA/51M2101285_29_18.jpg,0.5794703364372253
52M2101275,52M2101275_13_9,0,0,2,/trinity/home/m.romanov/benchmarking/datasets/MIST_HER2/testB/52M2101275_13_9.jpg,/trinity/home/m.romanov/benchmarking/datasets/MIST_HER2/testA/52M2101275_13_9.jpg,0.6322107315063477
53M2101258,53M2101258_30_20,0,0,2,/trinity/home/m.romanov/benchmarking/datasets/MIST_HER2/testB/53M2101258_30_20.jpg,/trinity/home/m.romanov/benchmarking/datasets/MIST_HER2/testA/53M2101258_30_20.jpg,0.5573039054870605
53M2101258,53M2101258_32_19,0,0,2,/trinity/home/m.romanov/benchmarking/datasets/MIST_HER2/testB/53M2101258_32_19.jpg,/trinity/home/m.romanov/benchmarking/datasets/MIST_HER2/testA/53M2101258_32_19.jpg,0.6298691034317017
56M2101083,56M2101083_36_26,0,0,2,/trinity/home/m.romanov/benchmarking/datasets/MIST_HER2/testB/56M2101083_36_26.jpg,/trinity/home/m.romanov/benchmarking/datasets/MIST_HER2/testA/56M2101083_36_26.jpg,0.7085492014884949
57M2101034,57M2101034_11_29,0,0,2,/trinity/home/m.romanov/benchmarking/datasets/MIST_HER2/testB/57M2101034_11_29.jpg,/trinity/home/m.romanov/benchmarking/datasets/MIST_HER2/testA/57M2101034_11_29.jpg,0.6420650482177734
57M2101034,57M2101034_3_22,0,0,2,/trinity/home/m.romanov/benchmarking/datasets/MIST_HER2/testB/57M2101034_3_22.jpg,/trinity/home/m.romanov/benchmarking/datasets/MIST_HER2/testA/57M2101034_3_22.jpg,0.6124482750892639
57M2101034,57M2101034_6_21,0,0,2,/trinity/home/m.romanov/benchmarking/datasets/MIST_HER2/testB/57M2101034_6_21.jpg,/trinity/home/m.romanov/benchmarking/datasets/MIST_HER2/testA/57M2101034_6_21.jpg,0.6362760066986084
58M2100997,58M2100997_11_15,0,0,2,/trinity/home/m.romanov/benchmarking/datasets/MIST_HER2/testB/58M2100997_11_15.jpg,/trinity/home/m.romanov/benchmarking/datasets/MIST_HER2/testA/58M2100997_11_15.jpg,0.6575927734375
60M2100980,60M2100980_18_21,0,0,2,/trinity/home/m.romanov/benchmarking/datasets/MIST_HER2/testB/60M2100980_18_21.jpg,/trinity/home/m.romanov/benchmarking/datasets/MIST_HER2/testA/60M2100980_18_21.jpg,0.6362217664718628
60M2100980,60M2100980_24_13,0,0,2,/trinity/home/m.romanov/benchmarking/datasets/MIST_HER2/testB/60M2100980_24_13.jpg,/trinity/home/m.romanov/benchmarking/datasets/MIST_HER2/testA/60M2100980_24_13.jpg,0.7212610840797424
62M2100915,62M2100915_27_18,0,0,2,/trinity/home/m.romanov/benchmarking/datasets/MIST_HER2/testB/62M2100915_27_18.jpg,/trinity/home/m.romanov/benchmarking/datasets/MIST_HER2/testA/62M2100915_27_18.jpg,0.6970974802970886
62M2100915,62M2100915_32_19,0,0,2,/trinity/home/m.romanov/benchmarking/datasets/MIST_HER2/testB/62M2100915_32_19.jpg,/trinity/home/m.romanov/benchmarking/datasets/MIST_HER2/testA/62M2100915_32_19.jpg,0.7372250556945801
65M2100668,65M2100668_15_11,0,0,2,/trinity/home/m.romanov/benchmarking/datasets/MIST_HER2/testB/65M2100668_15_11.jpg,/trinity/home/m.romanov/benchmarking/datasets/MIST_HER2/testA/65M2100668_15_11.jpg,0.5887902975082397
65M2100668,65M2100668_21_23,0,0,2,/trinity/home/m.romanov/benchmarking/datasets/MIST_HER2/testB/65M2100668_21_23.jpg,/trinity/home/m.romanov/benchmarking/datasets/MIST_HER2/testA/65M2100668_21_23.jpg,0.6187982559204102
65M2100668,65M2100668_26_9,0,0,2,/trinity/home/m.romanov/benchmarking/datasets/MIST_HER2/testB/65M2100668_26_9.jpg,/trinity/home/m.romanov/benchmarking/datasets/MIST_HER2/testA/65M2100668_26_9.jpg,0.6450039148330688
67M2100642,67M2100642_14_4,0,0,2,/trinity/home/m.romanov/benchmarking/datasets/MIST_HER2/testB/67M2100642_14_4.jpg,/trinity/home/m.romanov/benchmarking/datasets/MIST_HER2/testA/67M2100642_14_4.jpg,0.6420371532440186
67M2100642,67M2100642_23_9,0,0,2,/trinity/home/m.romanov/benchmarking/datasets/MIST_HER2/testB/67M2100642_23_9.jpg,/trinity/home/m.romanov/benchmarking/datasets/MIST_HER2/testA/67M2100642_23_9.jpg,0.6603120565414429
68M2100640,68M2100640_16_16,0,0,2,/trinity/home/m.romanov/benchmarking/datasets/MIST_HER2/testB/68M2100640_16_16.jpg,/trinity/home/m.romanov/benchmarking/datasets/MIST_HER2/testA/68M2100640_16_16.jpg,0.6701311469078064
69M2100632,69M2100632_18_3,0,0,2,/trinity/home/m.romanov/benchmarking/datasets/MIST_HER2/testB/69M2100632_18_3.jpg,/trinity/home/m.romanov/benchmarking/datasets/MIST_HER2/testA/69M2100632_18_3.jpg,0.6184567809104919
69M2100632,69M2100632_19_11,0,0,2,/trinity/home/m.romanov/benchmarking/datasets/MIST_HER2/testB/69M2100632_19_11.jpg,/trinity/home/m.romanov/benchmarking/datasets/MIST_HER2/testA/69M2100632_19_11.jpg,0.5775717496871948
6M2103024,6M2103024_17_17,0,0,2,/trinity/home/m.romanov/benchmarking/datasets/MIST_HER2/testB/6M2103024_17_17.jpg,/trinity/home/m.romanov/benchmarking/datasets/MIST_HER2/testA/6M2103024_17_17.jpg,0.5840959548950195
6M2103024,6M2103024_21_18,0,0,2,/trinity/home/m.romanov/benchmarking/datasets/MIST_HER2/testB/6M2103024_21_18.jpg,/trinity/home/m.romanov/benchmarking/datasets/MIST_HER2/testA/6M2103024_21_18.jpg,0.5932690501213074
6M2103024,6M2103024_5_8,0,0,2,/trinity/home/m.romanov/benchmarking/datasets/MIST_HER2/testB/6M2103024_5_8.jpg,/trinity/home/m.romanov/benchmarking/datasets/MIST_HER2/testA/6M2103024_5_8.jpg,0.5324984192848206
70M2100623,70M2100623_28_24,0,0,2,/trinity/home/m.romanov/benchmarking/datasets/MIST_HER2/testB/70M2100623_28_24.jpg,/trinity/home/m.romanov/benchmarking/datasets/MIST_HER2/testA/70M2100623_28_24.jpg,0.6276314854621887
74M2100526,74M2100526_15_6,0,0,2,/trinity/home/m.romanov/benchmarking/datasets/MIST_HER2/testB/74M2100526_15_6.jpg,/trinity/home/m.romanov/benchmarking/datasets/MIST_HER2/testA/74M2100526_15_6.jpg,0.6170713305473328
74M2100526,74M2100526_29_16,0,0,2,/trinity/home/m.romanov/benchmarking/datasets/MIST_HER2/testB/74M2100526_29_16.jpg,/trinity/home/m.romanov/benchmarking/datasets/MIST_HER2/testA/74M2100526_29_16.jpg,0.6672595739364624
75M2100521,75M2100521_10_13,0,0,2,/trinity/home/m.romanov/benchmarking/datasets/MIST_HER2/testB/75M2100521_10_13.jpg,/trinity/home/m.romanov/benchmarking/datasets/MIST_HER2/testA/75M2100521_10_13.jpg,0.6515817642211914
75M2100521,75M2100521_13_11,0,0,2,/trinity/home/m.romanov/benchmarking/datasets/MIST_HER2/testB/75M2100521_13_11.jpg,/trinity/home/m.romanov/benchmarking/datasets/MIST_HER2/testA/75M2100521_13_11.jpg,0.646559476852417
75M2100521,75M2100521_15_20,0,0,2,/trinity/home/m.romanov/benchmarking/datasets/MIST_HER2/testB/75M2100521_15_20.jpg,/trinity/home/m.romanov/benchmarking/datasets/MIST_HER2/testA/75M2100521_15_20.jpg,0.6659244298934937
75M2100521,75M2100521_26_14,0,0,2,/trinity/home/m.romanov/benchmarking/datasets/MIST_HER2/testB/75M2100521_26_14.jpg,/trinity/home/m.romanov/benchmarking/datasets/MIST_HER2/testA/75M2100521_26_14.jpg,0.6295756101608276
75M2100521,75M2100521_7_17,0,0,2,/trinity/home/m.romanov/benchmarking/datasets/MIST_HER2/testB/75M2100521_7_17.jpg,/trinity/home/m.romanov/benchmarking/datasets/MIST_HER2/testA/75M2100521_7_17.jpg,0.638565182685852
76M2100485,76M2100485_20_14,0,0,2,/trinity/home/m.romanov/benchmarking/datasets/MIST_HER2/testB/76M2100485_20_14.jpg,/trinity/home/m.romanov/benchmarking/datasets/MIST_HER2/testA/76M2100485_20_14.jpg,0.5950741767883301
76M2100485,76M2100485_25_23,0,0,2,/trinity/home/m.romanov/benchmarking/datasets/MIST_HER2/testB/76M2100485_25_23.jpg,/trinity/home/m.romanov/benchmarking/datasets/MIST_HER2/testA/76M2100485_25_23.jpg,0.5974063873291016
77M2100464,77M2100464_18_20,0,0,2,/trinity/home/m.romanov/benchmarking/datasets/MIST_HER2/testB/77M2100464_18_20.jpg,/trinity/home/m.romanov/benchmarking/datasets/MIST_HER2/testA/77M2100464_18_20.jpg,0.5668572783470154
77M2100464,77M2100464_33_24,0,0,2,/trinity/home/m.romanov/benchmarking/datasets/MIST_HER2/testB/77M2100464_33_24.jpg,/trinity/home/m.romanov/benchmarking/datasets/MIST_HER2/testA/77M2100464_33_24.jpg,0.5636765956878662
79M2100417,79M2100417_12_22,0,0,2,/trinity/home/m.romanov/benchmarking/datasets/MIST_HER2/testB/79M2100417_12_22.jpg,/trinity/home/m.romanov/benchmarking/datasets/MIST_HER2/testA/79M2100417_12_22.jpg,0.6282541155815125
79M2100417,79M2100417_19_15,0,0,2,/trinity/home/m.romanov/benchmarking/datasets/MIST_HER2/testB/79M2100417_19_15.jpg,/trinity/home/m.romanov/benchmarking/datasets/MIST_HER2/testA/79M2100417_19_15.jpg,0.6150820255279541
79M2100417,79M2100417_20_20,0,0,2,/trinity/home/m.romanov/benchmarking/datasets/MIST_HER2/testB/79M2100417_20_20.jpg,/trinity/home/m.romanov/benchmarking/datasets/MIST_HER2/testA/79M2100417_20_20.jpg,0.5877993106842041
80M2100377,80M2100377_17_5,0,0,2,/trinity/home/m.romanov/benchmarking/datasets/MIST_HER2/testB/80M2100377_17_5.jpg,/trinity/home/m.romanov/benchmarking/datasets/MIST_HER2/testA/80M2100377_17_5.jpg,0.6525932550430298
80M2100377,80M2100377_24_31,0,0,2,/trinity/home/m.romanov/benchmarking/datasets/MIST_HER2/testB/80M2100377_24_31.jpg,/trinity/home/m.romanov/benchmarking/datasets/MIST_HER2/testA/80M2100377_24_31.jpg,0.5844752788543701
80M2100377,80M2100377_29_28,0,0,2,/trinity/home/m.romanov/benchmarking/datasets/MIST_HER2/testB/80M2100377_29_28.jpg,/trinity/home/m.romanov/benchmarking/datasets/MIST_HER2/testA/80M2100377_29_28.jpg,0.5898022651672363
81M2100356,81M2100356_29_24,0,0,2,/trinity/home/m.romanov/benchmarking/datasets/MIST_HER2/testB/81M2100356_29_24.jpg,/trinity/home/m.romanov/benchmarking/datasets/MIST_HER2/testA/81M2100356_29_24.jpg,0.6572575569152832
81M2100356,81M2100356_38_24,0,0,2,/trinity/home/m.romanov/benchmarking/datasets/MIST_HER2/testB/81M2100356_38_24.jpg,/trinity/home/m.romanov/benchmarking/datasets/MIST_HER2/testA/81M2100356_38_24.jpg,0.6168597340583801
83M2100256,83M2100256_28_18,0,0,2,/trinity/home/m.romanov/benchmarking/datasets/MIST_HER2/testB/83M2100256_28_18.jpg,/trinity/home/m.romanov/benchmarking/datasets/MIST_HER2/testA/83M2100256_28_18.jpg,0.5438752770423889
83M2100256,83M2100256_30_22,0,0,2,/trinity/home/m.romanov/benchmarking/datasets/MIST_HER2/testB/83M2100256_30_22.jpg,/trinity/home/m.romanov/benchmarking/datasets/MIST_HER2/testA/83M2100256_30_22.jpg,0.526303768157959
88M2100218,88M2100218_14_26,0,0,2,/trinity/home/m.romanov/benchmarking/datasets/MIST_HER2/testB/88M2100218_14_26.jpg,/trinity/home/m.romanov/benchmarking/datasets/MIST_HER2/testA/88M2100218_14_26.jpg,0.6403985023498535
88M2100218,88M2100218_24_8,0,0,2,/trinity/home/m.romanov/benchmarking/datasets/MIST_HER2/testB/88M2100218_24_8.jpg,/trinity/home/m.romanov/benchmarking/datasets/MIST_HER2/testA/88M2100218_24_8.jpg,0.6552560329437256
88M2100218,88M2100218_25_23,0,0,2,/trinity/home/m.romanov/benchmarking/datasets/MIST_HER2/testB/88M2100218_25_23.jpg,/trinity/home/m.romanov/benchmarking/datasets/MIST_HER2/testA/88M2100218_25_23.jpg,0.6555325984954834
91M2100173,91M2100173_21_20,0,0,2,/trinity/home/m.romanov/benchmarking/datasets/MIST_HER2/testB/91M2100173_21_20.jpg,/trinity/home/m.romanov/benchmarking/datasets/MIST_HER2/testA/91M2100173_21_20.jpg,0.6582479476928711
91M2100173,91M2100173_5_12,0,0,2,/trinity/home/m.romanov/benchmarking/datasets/MIST_HER2/testB/91M2100173_5_12.jpg,/trinity/home/m.romanov/benchmarking/datasets/MIST_HER2/testA/91M2100173_5_12.jpg,0.5713974833488464
91M2100173,91M2100173_6_9,0,0,2,/trinity/home/m.romanov/benchmarking/datasets/MIST_HER2/testB/91M2100173_6_9.jpg,/trinity/home/m.romanov/benchmarking/datasets/MIST_HER2/testA/91M2100173_6_9.jpg,0.5555136203765869
92M2100150,92M2100150_1_28,0,0,2,/trinity/home/m.romanov/benchmarking/datasets/MIST_HER2/testB/92M2100150_1_28.jpg,/trinity/home/m.romanov/benchmarking/datasets/MIST_HER2/testA/92M2100150_1_28.jpg,0.678469181060791
94M2100142,94M2100142_20_20,0,0,2,/trinity/home/m.romanov/benchmarking/datasets/MIST_HER2/testB/94M2100142_20_20.jpg,/trinity/home/m.romanov/benchmarking/datasets/MIST_HER2/testA/94M2100142_20_20.jpg,0.6324697732925415
94M2100142,94M2100142_8_10,0,0,2,/trinity/home/m.romanov/benchmarking/datasets/MIST_HER2/testB/94M2100142_8_10.jpg,/trinity/home/m.romanov/benchmarking/datasets/MIST_HER2/testA/94M2100142_8_10.jpg,0.6585559248924255
97M2100034,97M2100034_18_10,0,0,2,/trinity/home/m.romanov/benchmarking/datasets/MIST_HER2/testB/97M2100034_18_10.jpg,/trinity/home/m.romanov/benchmarking/datasets/MIST_HER2/testA/97M2100034_18_10.jpg,0.5745542049407959
97M2100034,97M2100034_23_11,0,0,2,/trinity/home/m.romanov/benchmarking/datasets/MIST_HER2/testB/97M2100034_23_11.jpg,/trinity/home/m.romanov/benchmarking/datasets/MIST_HER2/testA/97M2100034_23_11.jpg,0.5163610577583313
97M2100034,97M2100034_26_16,0,0,2,/trinity/home/m.romanov/benchmarking/datasets/MIST_HER2/testB/97M2100034_26_16.jpg,/trinity/home/m.romanov/benchmarking/datasets/MIST_HER2/testA/97M2100034_26_16.jpg,0.5095654129981995
98M2004096,98M2004096_11_12,0,0,2,/trinity/home/m.romanov/benchmarking/datasets/MIST_HER2/testB/98M2004096_11_12.jpg,/trinity/home/m.romanov/benchmarking/datasets/MIST_HER2/testA/98M2004096_11_12.jpg,0.6720893979072571
98M2004096,98M2004096_20_11,0,0,2,/trinity/home/m.romanov/benchmarking/datasets/MIST_HER2/testB/98M2004096_20_11.jpg,/trinity/home/m.romanov/benchmarking/datasets/MIST_HER2/testA/98M2004096_20_11.jpg,0.5851364135742188
98M2004096,98M2004096_25_16,0,0,2,/trinity/home/m.romanov/benchmarking/datasets/MIST_HER2/testB/98M2004096_25_16.jpg,/trinity/home/m.romanov/benchmarking/datasets/MIST_HER2/testA/98M2004096_25_16.jpg,0.6260971426963806
98M2004096,98M2004096_34_7,0,0,2,/trinity/home/m.romanov/benchmarking/datasets/MIST_HER2/testB/98M2004096_34_7.jpg,/trinity/home/m.romanov/benchmarking/datasets/MIST_HER2/testA/98M2004096_34_7.jpg,0.6415442228317261
98M2004096,98M2004096_8_11,0,0,2,/trinity/home/m.romanov/benchmarking/datasets/MIST_HER2/testB/98M2004096_8_11.jpg,/trinity/home/m.romanov/benchmarking/datasets/MIST_HER2/testA/98M2004096_8_11.jpg,0.6612085103988647
99M2004082,99M2004082_11_20,0,0,2,/trinity/home/m.romanov/benchmarking/datasets/MIST_HER2/testB/99M2004082_11_20.jpg,/trinity/home/m.romanov/benchmarking/datasets/MIST_HER2/testA/99M2004082_11_20.jpg,0.7374322414398193
99M2004082,99M2004082_21_12,0,0,2,/trinity/home/m.romanov/benchmarking/datasets/MIST_HER2/testB/99M2004082_21_12.jpg,/trinity/home/m.romanov/benchmarking/datasets/MIST_HER2/testA/99M2004082_21_12.jpg,0.614437460899353
99M2004082,99M2004082_24_14,0,0,2,/trinity/home/m.romanov/benchmarking/datasets/MIST_HER2/testB/99M2004082_24_14.jpg,/trinity/home/m.romanov/benchmarking/datasets/MIST_HER2/testA/99M2004082_24_14.jpg,0.674555778503418
99M2004082,99M2004082_27_17,0,0,2,/trinity/home/m.romanov/benchmarking/datasets/MIST_HER2/testB/99M2004082_27_17.jpg,/trinity/home/m.romanov/benchmarking/datasets/MIST_HER2/testA/99M2004082_27_17.jpg,0.5943647027015686
