pname,patch_id,Similarity_Score,rdist,class3,fixed_path,warped_path,lpips_mist_mpp1.0112_downsample
12M2102884,12M2102884_10_7,0,0,0,/trinity/home/m.romanov/benchmarking/datasets/MIST_HER2/testB/12M2102884_10_7.jpg,/trinity/home/m.romanov/benchmarking/datasets/MIST_HER2/testA/12M2102884_10_7.jpg,0.5430548787117004
12M2102884,12M2102884_7_9,0,0,0,/trinity/home/m.romanov/benchmarking/datasets/MIST_HER2/testB/12M2102884_7_9.jpg,/trinity/home/m.romanov/benchmarking/datasets/MIST_HER2/testA/12M2102884_7_9.jpg,0.5251969695091248
48M2101314,48M2101314_40_34,0,0,0,/trinity/home/m.romanov/benchmarking/datasets/MIST_HER2/testB/48M2101314_40_34.jpg,/trinity/home/m.romanov/benchmarking/datasets/MIST_HER2/testA/48M2101314_40_34.jpg,0.5579324960708618
57M2101034,57M2101034_5_20,0,0,0,/trinity/home/m.romanov/benchmarking/datasets/MIST_HER2/testB/57M2101034_5_20.jpg,/trinity/home/m.romanov/benchmarking/datasets/MIST_HER2/testA/57M2101034_5_20.jpg,0.5692402720451355
88M2100218,88M2100218_27_3,0,0,0,/trinity/home/m.romanov/benchmarking/datasets/MIST_HER2/testB/88M2100218_27_3.jpg,/trinity/home/m.romanov/benchmarking/datasets/MIST_HER2/testA/88M2100218_27_3.jpg,0.617565929889679
89M2100212,89M2100212_10_17,0,0,0,/trinity/home/m.romanov/benchmarking/datasets/MIST_HER2/testB/89M2100212_10_17.jpg,/trinity/home/m.romanov/benchmarking/datasets/MIST_HER2/testA/89M2100212_10_17.jpg,0.54124915599823
89M2100212,89M2100212_11_18,0,0,0,/trinity/home/m.romanov/benchmarking/datasets/MIST_HER2/testB/89M2100212_11_18.jpg,/trinity/home/m.romanov/benchmarking/datasets/MIST_HER2/testA/89M2100212_11_18.jpg,0.5366679430007935
89M2100212,89M2100212_11_20,0,0,0,/trinity/home/m.romanov/benchmarking/datasets/MIST_HER2/testB/89M2100212_11_20.jpg,/trinity/home/m.romanov/benchmarking/datasets/MIST_HER2/testA/89M2100212_11_20.jpg,0.554541826248169
89M2100212,89M2100212_12_22,0,0,0,/trinity/home/m.romanov/benchmarking/datasets/MIST_HER2/testB/89M2100212_12_22.jpg,/trinity/home/m.romanov/benchmarking/datasets/MIST_HER2/testA/89M2100212_12_22.jpg,0.5639581680297852
89M2100212,89M2100212_14_22,0,0,0,/trinity/home/m.romanov/benchmarking/datasets/MIST_HER2/testB/89M2100212_14_22.jpg,/trinity/home/m.romanov/benchmarking/datasets/MIST_HER2/testA/89M2100212_14_22.jpg,0.5196075439453125
89M2100212,89M2100212_16_11,0,0,0,/trinity/home/m.romanov/benchmarking/datasets/MIST_HER2/testB/89M2100212_16_11.jpg,/trinity/home/m.romanov/benchmarking/datasets/MIST_HER2/testA/89M2100212_16_11.jpg,0.5005448460578918
89M2100212,89M2100212_3_13,0,0,0,/trinity/home/m.romanov/benchmarking/datasets/MIST_HER2/testB/89M2100212_3_13.jpg,/trinity/home/m.romanov/benchmarking/datasets/MIST_HER2/testA/89M2100212_3_13.jpg,0.5086168646812439
89M2100212,89M2100212_9_16,0,0,0,/trinity/home/m.romanov/benchmarking/datasets/MIST_HER2/testB/89M2100212_9_16.jpg,/trinity/home/m.romanov/benchmarking/datasets/MIST_HER2/testA/89M2100212_9_16.jpg,0.4644818902015686
100M2004069,100M2004069_10_9,0,0,1,/trinity/home/m.romanov/benchmarking/datasets/MIST_HER2/testB/100M2004069_10_9.jpg,/trinity/home/m.romanov/benchmarking/datasets/MIST_HER2/testA/100M2004069_10_9.jpg,0.5505579710006714
100M2004069,100M2004069_16_30,0,0,1,/trinity/home/m.romanov/benchmarking/datasets/MIST_HER2/testB/100M2004069_16_30.jpg,/trinity/home/m.romanov/benchmarking/datasets/MIST_HER2/testA/100M2004069_16_30.jpg,0.5100858807563782
100M2004069,100M2004069_21_29,0,0,1,/trinity/home/m.romanov/benchmarking/datasets/MIST_HER2/testB/100M2004069_21_29.jpg,/trinity/home/m.romanov/benchmarking/datasets/MIST_HER2/testA/100M2004069_21_29.jpg,0.5253392457962036
100M2004069,100M2004069_26_23,0,0,1,/trinity/home/m.romanov/benchmarking/datasets/MIST_HER2/testB/100M2004069_26_23.jpg,/trinity/home/m.romanov/benchmarking/datasets/MIST_HER2/testA/100M2004069_26_23.jpg,0.5005587935447693
100M2004069,100M2004069_32_27,0,0,1,/trinity/home/m.romanov/benchmarking/datasets/MIST_HER2/testB/100M2004069_32_27.jpg,/trinity/home/m.romanov/benchmarking/datasets/MIST_HER2/testA/100M2004069_32_27.jpg,0.5580448508262634
10M2102916,10M2102916_14_4,0,0,1,/trinity/home/m.romanov/benchmarking/datasets/MIST_HER2/testB/10M2102916_14_4.jpg,/trinity/home/m.romanov/benchmarking/datasets/MIST_HER2/testA/10M2102916_14_4.jpg,0.6201052665710449
10M2102916,10M2102916_17_14,0,0,1,/trinity/home/m.romanov/benchmarking/datasets/MIST_HER2/testB/10M2102916_17_14.jpg,/trinity/home/m.romanov/benchmarking/datasets/MIST_HER2/testA/10M2102916_17_14.jpg,0.5341823697090149
12M2102884,12M2102884_18_4,0,0,1,/trinity/home/m.romanov/benchmarking/datasets/MIST_HER2/testB/12M2102884_18_4.jpg,/trinity/home/m.romanov/benchmarking/datasets/MIST_HER2/testA/12M2102884_18_4.jpg,0.5428932905197144
12M2102884,12M2102884_6_5,0,0,1,/trinity/home/m.romanov/benchmarking/datasets/MIST_HER2/testB/12M2102884_6_5.jpg,/trinity/home/m.romanov/benchmarking/datasets/MIST_HER2/testA/12M2102884_6_5.jpg,0.5613629817962646
12M2102884,12M2102884_8_9,0,0,1,/trinity/home/m.romanov/benchmarking/datasets/MIST_HER2/testB/12M2102884_8_9.jpg,/trinity/home/m.romanov/benchmarking/datasets/MIST_HER2/testA/12M2102884_8_9.jpg,0.5368817448616028
14M2102785,14M2102785_14_9,0,0,1,/trinity/home/m.romanov/benchmarking/datasets/MIST_HER2/testB/14M2102785_14_9.jpg,/trinity/home/m.romanov/benchmarking/datasets/MIST_HER2/testA/14M2102785_14_9.jpg,0.6221382021903992
15M2102762,15M2102762_14_15,0,0,1,/trinity/home/m.romanov/benchmarking/datasets/MIST_HER2/testB/15M2102762_14_15.jpg,/trinity/home/m.romanov/benchmarking/datasets/MIST_HER2/testA/15M2102762_14_15.jpg,0.5790948867797852
15M2102762,15M2102762_15_21,0,0,1,/trinity/home/m.romanov/benchmarking/datasets/MIST_HER2/testB/15M2102762_15_21.jpg,/trinity/home/m.romanov/benchmarking/datasets/MIST_HER2/testA/15M2102762_15_21.jpg,0.5316698551177979
15M2102762,15M2102762_15_26,0,0,1,/trinity/home/m.romanov/benchmarking/datasets/MIST_HER2/testB/15M2102762_15_26.jpg,/trinity/home/m.romanov/benchmarking/datasets/MIST_HER2/testA/15M2102762_15_26.jpg,0.5460557341575623
15M2102762,15M2102762_19_20,0,0,1,/trinity/home/m.romanov/benchmarking/datasets/MIST_HER2/testB/15M2102762_19_20.jpg,/trinity/home/m.romanov/benchmarking/datasets/MIST_HER2/testA/15M2102762_19_20.jpg,0.5459128618240356
15M2102762,15M2102762_21_24,0,0,1,/trinity/home/m.romanov/benchmarking/datasets/MIST_HER2/testB/15M2102762_21_24.jpg,/trinity/home/m.romanov/benchmarking/datasets/MIST_HER2/testA/15M2102762_21_24.jpg,0.5351434946060181
15M2102762,15M2102762_26_10,0,0,1,/trinity/home/m.romanov/benchmarking/datasets/MIST_HER2/testB/15M2102762_26_10.jpg,/trinity/home/m.romanov/benchmarking/datasets/MIST_HER2/testA/15M2102762_26_10.jpg,0.5823154449462891
15M2102762,15M2102762_2_22,0,0,1,/trinity/home/m.romanov/benchmarking/datasets/MIST_HER2/testB/15M2102762_2_22.jpg,/trinity/home/m.romanov/benchmarking/datasets/MIST_HER2/testA/15M2102762_2_22.jpg,0.5791119933128357
15M2102762,15M2102762_6_23,0,0,1,/trinity/home/m.romanov/benchmarking/datasets/MIST_HER2/testB/15M2102762_6_23.jpg,/trinity/home/m.romanov/benchmarking/datasets/MIST_HER2/testA/15M2102762_6_23.jpg,0.5784929394721985
15M2102762,15M2102762_8_22,0,0,1,/trinity/home/m.romanov/benchmarking/datasets/MIST_HER2/testB/15M2102762_8_22.jpg,/trinity/home/m.romanov/benchmarking/datasets/MIST_HER2/testA/15M2102762_8_22.jpg,0.5990951061248779
23M2102136,23M2102136_13_16,0,0,1,/trinity/home/m.romanov/benchmarking/datasets/MIST_HER2/testB/23M2102136_13_16.jpg,/trinity/home/m.romanov/benchmarking/datasets/MIST_HER2/testA/23M2102136_13_16.jpg,0.5262743830680847
27M2102007,27M2102007_5_29,0,0,1,/trinity/home/m.romanov/benchmarking/datasets/MIST_HER2/testB/27M2102007_5_29.jpg,/trinity/home/m.romanov/benchmarking/datasets/MIST_HER2/testA/27M2102007_5_29.jpg,0.6320046186447144
27M2102007,27M2102007_6_24,0,0,1,/trinity/home/m.romanov/benchmarking/datasets/MIST_HER2/testB/27M2102007_6_24.jpg,/trinity/home/m.romanov/benchmarking/datasets/MIST_HER2/testA/27M2102007_6_24.jpg,0.6305400729179382
27M2102007,27M2102007_8_22,0,0,1,/trinity/home/m.romanov/benchmarking/datasets/MIST_HER2/testB/27M2102007_8_22.jpg,/trinity/home/m.romanov/benchmarking/datasets/MIST_HER2/testA/27M2102007_8_22.jpg,0.6549217104911804
28M2101987,28M2101987_14_25,0,0,1,/trinity/home/m.romanov/benchmarking/datasets/MIST_HER2/testB/28M2101987_14_25.jpg,/trinity/home/m.romanov/benchmarking/datasets/MIST_HER2/testA/28M2101987_14_25.jpg,0.4899938106536865
28M2101987,28M2101987_20_17,0,0,1,/trinity/home/m.romanov/benchmarking/datasets/MIST_HER2/testB/28M2101987_20_17.jpg,/trinity/home/m.romanov/benchmarking/datasets/MIST_HER2/testA/28M2101987_20_17.jpg,0.5848486423492432
28M2101987,28M2101987_25_15,0,0,1,/trinity/home/m.romanov/benchmarking/datasets/MIST_HER2/testB/28M2101987_25_15.jpg,/trinity/home/m.romanov/benchmarking/datasets/MIST_HER2/testA/28M2101987_25_15.jpg,0.6292096376419067
28M2101987,28M2101987_8_16,0,0,1,/trinity/home/m.romanov/benchmarking/datasets/MIST_HER2/testB/28M2101987_8_16.jpg,/trinity/home/m.romanov/benchmarking/datasets/MIST_HER2/testA/28M2101987_8_16.jpg,0.629061758518219
2M2103108,2M2103108_13_15,0,0,1,/trinity/home/m.romanov/benchmarking/datasets/MIST_HER2/testB/2M2103108_13_15.jpg,/trinity/home/m.romanov/benchmarking/datasets/MIST_HER2/testA/2M2103108_13_15.jpg,0.5627061128616333
2M2103108,2M2103108_31_18,0,0,1,/trinity/home/m.romanov/benchmarking/datasets/MIST_HER2/testB/2M2103108_31_18.jpg,/trinity/home/m.romanov/benchmarking/datasets/MIST_HER2/testA/2M2103108_31_18.jpg,0.582584023475647
2M2103108,2M2103108_6_14,0,0,1,/trinity/home/m.romanov/benchmarking/datasets/MIST_HER2/testB/2M2103108_6_14.jpg,/trinity/home/m.romanov/benchmarking/datasets/MIST_HER2/testA/2M2103108_6_14.jpg,0.556118369102478
31M2101871,31M2101871_17_22,0,0,1,/trinity/home/m.romanov/benchmarking/datasets/MIST_HER2/testB/31M2101871_17_22.jpg,/trinity/home/m.romanov/benchmarking/datasets/MIST_HER2/testA/31M2101871_17_22.jpg,0.5621883273124695
31M2101871,31M2101871_33_9,0,0,1,/trinity/home/m.romanov/benchmarking/datasets/MIST_HER2/testB/31M2101871_33_9.jpg,/trinity/home/m.romanov/benchmarking/datasets/MIST_HER2/testA/31M2101871_33_9.jpg,0.5453169941902161
31M2101871,31M2101871_35_16,0,0,1,/trinity/home/m.romanov/benchmarking/datasets/MIST_HER2/testB/31M2101871_35_16.jpg,/trinity/home/m.romanov/benchmarking/datasets/MIST_HER2/testA/31M2101871_35_16.jpg,0.5359817147254944
31M2101871,31M2101871_38_15,0,0,1,/trinity/home/m.romanov/benchmarking/datasets/MIST_HER2/testB/31M2101871_38_15.jpg,/trinity/home/m.romanov/benchmarking/datasets/MIST_HER2/testA/31M2101871_38_15.jpg,0.5541269779205322
31M2101871,31M2101871_5_19,0,0,1,/trinity/home/m.romanov/benchmarking/datasets/MIST_HER2/testB/31M2101871_5_19.jpg,/trinity/home/m.romanov/benchmarking/datasets/MIST_HER2/testA/31M2101871_5_19.jpg,0.539628267288208
31M2101871,31M2101871_6_17,0,0,1,/trinity/home/m.romanov/benchmarking/datasets/MIST_HER2/testB/31M2101871_6_17.jpg,/trinity/home/m.romanov/benchmarking/datasets/MIST_HER2/testA/31M2101871_6_17.jpg,0.5432693362236023
31M2101871,31M2101871_8_17,0,0,1,/trinity/home/m.romanov/benchmarking/datasets/MIST_HER2/testB/31M2101871_8_17.jpg,/trinity/home/m.romanov/benchmarking/datasets/MIST_HER2/testA/31M2101871_8_17.jpg,0.5404009222984314
33M2101839,33M2101839_3_9,0,0,1,/trinity/home/m.romanov/benchmarking/datasets/MIST_HER2/testB/33M2101839_3_9.jpg,/trinity/home/m.romanov/benchmarking/datasets/MIST_HER2/testA/33M2101839_3_9.jpg,0.5449342131614685
39M2101576,39M2101576_20_12,0,0,1,/trinity/home/m.romanov/benchmarking/datasets/MIST_HER2/testB/39M2101576_20_12.jpg,/trinity/home/m.romanov/benchmarking/datasets/MIST_HER2/testA/39M2101576_20_12.jpg,0.5417054295539856
39M2101576,39M2101576_20_3,0,0,1,/trinity/home/m.romanov/benchmarking/datasets/MIST_HER2/testB/39M2101576_20_3.jpg,/trinity/home/m.romanov/benchmarking/datasets/MIST_HER2/testA/39M2101576_20_3.jpg,0.5793813467025757
39M2101576,39M2101576_22_17,0,0,1,/trinity/home/m.romanov/benchmarking/datasets/MIST_HER2/testB/39M2101576_22_17.jpg,/trinity/home/m.romanov/benchmarking/datasets/MIST_HER2/testA/39M2101576_22_17.jpg,0.5678774118423462
39M2101576,39M2101576_8_27,0,0,1,/trinity/home/m.romanov/benchmarking/datasets/MIST_HER2/testB/39M2101576_8_27.jpg,/trinity/home/m.romanov/benchmarking/datasets/MIST_HER2/testA/39M2101576_8_27.jpg,0.546293318271637
40M2101566,40M2101566_16_27,0,0,1,/trinity/home/m.romanov/benchmarking/datasets/MIST_HER2/testB/40M2101566_16_27.jpg,/trinity/home/m.romanov/benchmarking/datasets/MIST_HER2/testA/40M2101566_16_27.jpg,0.5321540832519531
40M2101566,40M2101566_26_26,0,0,1,/trinity/home/m.romanov/benchmarking/datasets/MIST_HER2/testB/40M2101566_26_26.jpg,/trinity/home/m.romanov/benchmarking/datasets/MIST_HER2/testA/40M2101566_26_26.jpg,0.5556194186210632
40M2101566,40M2101566_34_26,0,0,1,/trinity/home/m.romanov/benchmarking/datasets/MIST_HER2/testB/40M2101566_34_26.jpg,/trinity/home/m.romanov/benchmarking/datasets/MIST_HER2/testA/40M2101566_34_26.jpg,0.5860464572906494
40M2101566,40M2101566_35_16,0,0,1,/trinity/home/m.romanov/benchmarking/datasets/MIST_HER2/testB/40M2101566_35_16.jpg,/trinity/home/m.romanov/benchmarking/datasets/MIST_HER2/testA/40M2101566_35_16.jpg,0.5524948835372925
40M2101566,40M2101566_35_37,0,0,1,/trinity/home/m.romanov/benchmarking/datasets/MIST_HER2/testB/40M2101566_35_37.jpg,/trinity/home/m.romanov/benchmarking/datasets/MIST_HER2/testA/40M2101566_35_37.jpg,0.5824607014656067
40M2101566,40M2101566_40_33,0,0,1,/trinity/home/m.romanov/benchmarking/datasets/MIST_HER2/testB/40M2101566_40_33.jpg,/trinity/home/m.romanov/benchmarking/datasets/MIST_HER2/testA/40M2101566_40_33.jpg,0.5345498323440552
40M2101566,40M2101566_41_31,0,0,1,/trinity/home/m.romanov/benchmarking/datasets/MIST_HER2/testB/40M2101566_41_31.jpg,/trinity/home/m.romanov/benchmarking/datasets/MIST_HER2/testA/40M2101566_41_31.jpg,0.557260274887085
45M2101377,45M2101377_18_20,0,0,1,/trinity/home/m.romanov/benchmarking/datasets/MIST_HER2/testB/45M2101377_18_20.jpg,/trinity/home/m.romanov/benchmarking/datasets/MIST_HER2/testA/45M2101377_18_20.jpg,0.5227813720703125
48M2101314,48M2101314_13_27,0,0,1,/trinity/home/m.romanov/benchmarking/datasets/MIST_HER2/testB/48M2101314_13_27.jpg,/trinity/home/m.romanov/benchmarking/datasets/MIST_HER2/testA/48M2101314_13_27.jpg,0.5836428999900818
48M2101314,48M2101314_2_17,0,0,1,/trinity/home/m.romanov/benchmarking/datasets/MIST_HER2/testB/48M2101314_2_17.jpg,/trinity/home/m.romanov/benchmarking/datasets/MIST_HER2/testA/48M2101314_2_17.jpg,0.6007435917854309
48M2101314,48M2101314_4_7,0,0,1,/trinity/home/m.romanov/benchmarking/datasets/MIST_HER2/testB/48M2101314_4_7.jpg,/trinity/home/m.romanov/benchmarking/datasets/MIST_HER2/testA/48M2101314_4_7.jpg,0.6049166917800903
48M2101314,48M2101314_8_30,0,0,1,/trinity/home/m.romanov/benchmarking/datasets/MIST_HER2/testB/48M2101314_8_30.jpg,/trinity/home/m.romanov/benchmarking/datasets/MIST_HER2/testA/48M2101314_8_30.jpg,0.5561271905899048
48M2101314,48M2101314_9_28,0,0,1,/trinity/home/m.romanov/benchmarking/datasets/MIST_HER2/testB/48M2101314_9_28.jpg,/trinity/home/m.romanov/benchmarking/datasets/MIST_HER2/testA/48M2101314_9_28.jpg,0.5992953181266785
4M2103059,4M2103059_16_12,0,0,1,/trinity/home/m.romanov/benchmarking/datasets/MIST_HER2/testB/4M2103059_16_12.jpg,/trinity/home/m.romanov/benchmarking/datasets/MIST_HER2/testA/4M2103059_16_12.jpg,0.5566169619560242
50M2101298,50M2101298_25_5,0,0,1,/trinity/home/m.romanov/benchmarking/datasets/MIST_HER2/testB/50M2101298_25_5.jpg,/trinity/home/m.romanov/benchmarking/datasets/MIST_HER2/testA/50M2101298_25_5.jpg,0.5492017269134521
51M2101285,51M2101285_22_14,0,0,1,/trinity/home/m.romanov/benchmarking/datasets/MIST_HER2/testB/51M2101285_22_14.jpg,/trinity/home/m.romanov/benchmarking/datasets/MIST_HER2/testA/51M2101285_22_14.jpg,0.531886637210846
56M2101083,56M2101083_15_6,0,0,1,/trinity/home/m.romanov/benchmarking/datasets/MIST_HER2/testB/56M2101083_15_6.jpg,/trinity/home/m.romanov/benchmarking/datasets/MIST_HER2/testA/56M2101083_15_6.jpg,0.6262127161026001
57M2101034,57M2101034_12_17,0,0,1,/trinity/home/m.romanov/benchmarking/datasets/MIST_HER2/testB/57M2101034_12_17.jpg,/trinity/home/m.romanov/benchmarking/datasets/MIST_HER2/testA/57M2101034_12_17.jpg,0.5848110318183899
57M2101034,57M2101034_12_7,0,0,1,/trinity/home/m.romanov/benchmarking/datasets/MIST_HER2/testB/57M2101034_12_7.jpg,/trinity/home/m.romanov/benchmarking/datasets/MIST_HER2/testA/57M2101034_12_7.jpg,0.5892331600189209
57M2101034,57M2101034_15_3,0,0,1,/trinity/home/m.romanov/benchmarking/datasets/MIST_HER2/testB/57M2101034_15_3.jpg,/trinity/home/m.romanov/benchmarking/datasets/MIST_HER2/testA/57M2101034_15_3.jpg,0.5988861918449402
57M2101034,57M2101034_16_24,0,0,1,/trinity/home/m.romanov/benchmarking/datasets/MIST_HER2/testB/57M2101034_16_24.jpg,/trinity/home/m.romanov/benchmarking/datasets/MIST_HER2/testA/57M2101034_16_24.jpg,0.6065222024917603
57M2101034,57M2101034_16_4,0,0,1,/trinity/home/m.romanov/benchmarking/datasets/MIST_HER2/testB/57M2101034_16_4.jpg,/trinity/home/m.romanov/benchmarking/datasets/MIST_HER2/testA/57M2101034_16_4.jpg,0.5779767632484436
57M2101034,57M2101034_17_23,0,0,1,/trinity/home/m.romanov/benchmarking/datasets/MIST_HER2/testB/57M2101034_17_23.jpg,/trinity/home/m.romanov/benchmarking/datasets/MIST_HER2/testA/57M2101034_17_23.jpg,0.5606982707977295
57M2101034,57M2101034_19_20,0,0,1,/trinity/home/m.romanov/benchmarking/datasets/MIST_HER2/testB/57M2101034_19_20.jpg,/trinity/home/m.romanov/benchmarking/datasets/MIST_HER2/testA/57M2101034_19_20.jpg,0.5976289510726929
57M2101034,57M2101034_21_14,0,0,1,/trinity/home/m.romanov/benchmarking/datasets/MIST_HER2/testB/57M2101034_21_14.jpg,/trinity/home/m.romanov/benchmarking/datasets/MIST_HER2/testA/57M2101034_21_14.jpg,0.6001161336898804
57M2101034,57M2101034_21_19,0,0,1,/trinity/home/m.romanov/benchmarking/datasets/MIST_HER2/testB/57M2101034_21_19.jpg,/trinity/home/m.romanov/benchmarking/datasets/MIST_HER2/testA/57M2101034_21_19.jpg,0.5963931083679199
57M2101034,57M2101034_30_15,0,0,1,/trinity/home/m.romanov/benchmarking/datasets/MIST_HER2/testB/57M2101034_30_15.jpg,/trinity/home/m.romanov/benchmarking/datasets/MIST_HER2/testA/57M2101034_30_15.jpg,0.5680871605873108
57M2101034,57M2101034_31_28,0,0,1,/trinity/home/m.romanov/benchmarking/datasets/MIST_HER2/testB/57M2101034_31_28.jpg,/trinity/home/m.romanov/benchmarking/datasets/MIST_HER2/testA/57M2101034_31_28.jpg,0.5674116611480713
57M2101034,57M2101034_8_27,0,0,1,/trinity/home/m.romanov/benchmarking/datasets/MIST_HER2/testB/57M2101034_8_27.jpg,/trinity/home/m.romanov/benchmarking/datasets/MIST_HER2/testA/57M2101034_8_27.jpg,0.6296197175979614
60M2100980,60M2100980_37_15,0,0,1,/trinity/home/m.romanov/benchmarking/datasets/MIST_HER2/testB/60M2100980_37_15.jpg,/trinity/home/m.romanov/benchmarking/datasets/MIST_HER2/testA/60M2100980_37_15.jpg,0.589573085308075
65M2100668,65M2100668_17_23,0,0,1,/trinity/home/m.romanov/benchmarking/datasets/MIST_HER2/testB/65M2100668_17_23.jpg,/trinity/home/m.romanov/benchmarking/datasets/MIST_HER2/testA/65M2100668_17_23.jpg,0.6463361978530884
68M2100640,68M2100640_15_8,0,0,1,/trinity/home/m.romanov/benchmarking/datasets/MIST_HER2/testB/68M2100640_15_8.jpg,/trinity/home/m.romanov/benchmarking/datasets/MIST_HER2/testA/68M2100640_15_8.jpg,0.6289434432983398
68M2100640,68M2100640_26_25,0,0,1,/trinity/home/m.romanov/benchmarking/datasets/MIST_HER2/testB/68M2100640_26_25.jpg,/trinity/home/m.romanov/benchmarking/datasets/MIST_HER2/testA/68M2100640_26_25.jpg,0.5779047012329102
68M2100640,68M2100640_8_18,0,0,1,/trinity/home/m.romanov/benchmarking/datasets/MIST_HER2/testB/68M2100640_8_18.jpg,/trinity/home/m.romanov/benchmarking/datasets/MIST_HER2/testA/68M2100640_8_18.jpg,0.6339962482452393
69M2100632,69M2100632_29_9,0,0,1,/trinity/home/m.romanov/benchmarking/datasets/MIST_HER2/testB/69M2100632_29_9.jpg,/trinity/home/m.romanov/benchmarking/datasets/MIST_HER2/testA/69M2100632_29_9.jpg,0.5837070941925049
6M2103024,6M2103024_14_15,0,0,1,/trinity/home/m.romanov/benchmarking/datasets/MIST_HER2/testB/6M2103024_14_15.jpg,/trinity/home/m.romanov/benchmarking/datasets/MIST_HER2/testA/6M2103024_14_15.jpg,0.554645299911499
6M2103024,6M2103024_18_16,0,0,1,/trinity/home/m.romanov/benchmarking/datasets/MIST_HER2/testB/6M2103024_18_16.jpg,/trinity/home/m.romanov/benchmarking/datasets/MIST_HER2/testA/6M2103024_18_16.jpg,0.5810385942459106
6M2103024,6M2103024_22_18,0,0,1,/trinity/home/m.romanov/benchmarking/datasets/MIST_HER2/testB/6M2103024_22_18.jpg,/trinity/home/m.romanov/benchmarking/datasets/MIST_HER2/testA/6M2103024_22_18.jpg,0.6061359643936157
6M2103024,6M2103024_8_22,0,0,1,/trinity/home/m.romanov/benchmarking/datasets/MIST_HER2/testB/6M2103024_8_22.jpg,/trinity/home/m.romanov/benchmarking/datasets/MIST_HER2/testA/6M2103024_8_22.jpg,0.5610153675079346
70M2100623,70M2100623_23_21,0,0,1,/trinity/home/m.romanov/benchmarking/datasets/MIST_HER2/testB/70M2100623_23_21.jpg,/trinity/home/m.romanov/benchmarking/datasets/MIST_HER2/testA/70M2100623_23_21.jpg,0.5985838174819946
70M2100623,70M2100623_28_22,0,0,1,/trinity/home/m.romanov/benchmarking/datasets/MIST_HER2/testB/70M2100623_28_22.jpg,/trinity/home/m.romanov/benchmarking/datasets/MIST_HER2/testA/70M2100623_28_22.jpg,0.6032443046569824
70M2100623,70M2100623_35_10,0,0,1,/trinity/home/m.romanov/benchmarking/datasets/MIST_HER2/testB/70M2100623_35_10.jpg,/trinity/home/m.romanov/benchmarking/datasets/MIST_HER2/testA/70M2100623_35_10.jpg,0.6201629638671875
74M2100526,74M2100526_12_14,0,0,1,/trinity/home/m.romanov/benchmarking/datasets/MIST_HER2/testB/74M2100526_12_14.jpg,/trinity/home/m.romanov/benchmarking/datasets/MIST_HER2/testA/74M2100526_12_14.jpg,0.53017258644104
74M2100526,74M2100526_15_29,0,0,1,/trinity/home/m.romanov/benchmarking/datasets/MIST_HER2/testB/74M2100526_15_29.jpg,/trinity/home/m.romanov/benchmarking/datasets/MIST_HER2/testA/74M2100526_15_29.jpg,0.5663491487503052
74M2100526,74M2100526_17_28,0,0,1,/trinity/home/m.romanov/benchmarking/datasets/MIST_HER2/testB/74M2100526_17_28.jpg,/trinity/home/m.romanov/benchmarking/datasets/MIST_HER2/testA/74M2100526_17_28.jpg,0.5166706442832947
74M2100526,74M2100526_19_21,0,0,1,/trinity/home/m.romanov/benchmarking/datasets/MIST_HER2/testB/74M2100526_19_21.jpg,/trinity/home/m.romanov/benchmarking/datasets/MIST_HER2/testA/74M2100526_19_21.jpg,0.5190004110336304
79M2100417,79M2100417_9_19,0,0,1,/trinity/home/m.romanov/benchmarking/datasets/MIST_HER2/testB/79M2100417_9_19.jpg,/trinity/home/m.romanov/benchmarking/datasets/MIST_HER2/testA/79M2100417_9_19.jpg,0.6060386896133423
80M2100377,80M2100377_17_18,0,0,1,/trinity/home/m.romanov/benchmarking/datasets/MIST_HER2/testB/80M2100377_17_18.jpg,/trinity/home/m.romanov/benchmarking/datasets/MIST_HER2/testA/80M2100377_17_18.jpg,0.609778106212616
81M2100356,81M2100356_17_14,0,0,1,/trinity/home/m.romanov/benchmarking/datasets/MIST_HER2/testB/81M2100356_17_14.jpg,/trinity/home/m.romanov/benchmarking/datasets/MIST_HER2/testA/81M2100356_17_14.jpg,0.5586522817611694
81M2100356,81M2100356_20_29,0,0,1,/trinity/home/m.romanov/benchmarking/datasets/MIST_HER2/testB/81M2100356_20_29.jpg,/trinity/home/m.romanov/benchmarking/datasets/MIST_HER2/testA/81M2100356_20_29.jpg,0.5951472520828247
81M2100356,81M2100356_24_34,0,0,1,/trinity/home/m.romanov/benchmarking/datasets/MIST_HER2/testB/81M2100356_24_34.jpg,/trinity/home/m.romanov/benchmarking/datasets/MIST_HER2/testA/81M2100356_24_34.jpg,0.608465313911438
83M2100256,83M2100256_3_19,0,0,1,/trinity/home/m.romanov/benchmarking/datasets/MIST_HER2/testB/83M2100256_3_19.jpg,/trinity/home/m.romanov/benchmarking/datasets/MIST_HER2/testA/83M2100256_3_19.jpg,0.5470027327537537
88M2100218,88M2100218_10_29,0,0,1,/trinity/home/m.romanov/benchmarking/datasets/MIST_HER2/testB/88M2100218_10_29.jpg,/trinity/home/m.romanov/benchmarking/datasets/MIST_HER2/testA/88M2100218_10_29.jpg,0.6257234811782837
88M2100218,88M2100218_11_14,0,0,1,/trinity/home/m.romanov/benchmarking/datasets/MIST_HER2/testB/88M2100218_11_14.jpg,/trinity/home/m.romanov/benchmarking/datasets/MIST_HER2/testA/88M2100218_11_14.jpg,0.5947802066802979
88M2100218,88M2100218_17_5,0,0,1,/trinity/home/m.romanov/benchmarking/datasets/MIST_HER2/testB/88M2100218_17_5.jpg,/trinity/home/m.romanov/benchmarking/datasets/MIST_HER2/testA/88M2100218_17_5.jpg,0.5975050330162048
88M2100218,88M2100218_23_8,0,0,1,/trinity/home/m.romanov/benchmarking/datasets/MIST_HER2/testB/88M2100218_23_8.jpg,/trinity/home/m.romanov/benchmarking/datasets/MIST_HER2/testA/88M2100218_23_8.jpg,0.6085159182548523
88M2100218,88M2100218_26_16,0,0,1,/trinity/home/m.romanov/benchmarking/datasets/MIST_HER2/testB/88M2100218_26_16.jpg,/trinity/home/m.romanov/benchmarking/datasets/MIST_HER2/testA/88M2100218_26_16.jpg,0.6240832805633545
88M2100218,88M2100218_27_7,0,0,1,/trinity/home/m.romanov/benchmarking/datasets/MIST_HER2/testB/88M2100218_27_7.jpg,/trinity/home/m.romanov/benchmarking/datasets/MIST_HER2/testA/88M2100218_27_7.jpg,0.6170563101768494
88M2100218,88M2100218_31_20,0,0,1,/trinity/home/m.romanov/benchmarking/datasets/MIST_HER2/testB/88M2100218_31_20.jpg,/trinity/home/m.romanov/benchmarking/datasets/MIST_HER2/testA/88M2100218_31_20.jpg,0.6449643969535828
89M2100212,89M2100212_10_18,0,0,1,/trinity/home/m.romanov/benchmarking/datasets/MIST_HER2/testB/89M2100212_10_18.jpg,/trinity/home/m.romanov/benchmarking/datasets/MIST_HER2/testA/89M2100212_10_18.jpg,0.548369824886322
89M2100212,89M2100212_26_23,0,0,1,/trinity/home/m.romanov/benchmarking/datasets/MIST_HER2/testB/89M2100212_26_23.jpg,/trinity/home/m.romanov/benchmarking/datasets/MIST_HER2/testA/89M2100212_26_23.jpg,0.5122687220573425
89M2100212,89M2100212_3_20,0,0,1,/trinity/home/m.romanov/benchmarking/datasets/MIST_HER2/testB/89M2100212_3_20.jpg,/trinity/home/m.romanov/benchmarking/datasets/MIST_HER2/testA/89M2100212_3_20.jpg,0.4730534553527832
89M2100212,89M2100212_5_11,0,0,1,/trinity/home/m.romanov/benchmarking/datasets/MIST_HER2/testB/89M2100212_5_11.jpg,/trinity/home/m.romanov/benchmarking/datasets/MIST_HER2/testA/89M2100212_5_11.jpg,0.49958282709121704
89M2100212,89M2100212_5_16,0,0,1,/trinity/home/m.romanov/benchmarking/datasets/MIST_HER2/testB/89M2100212_5_16.jpg,/trinity/home/m.romanov/benchmarking/datasets/MIST_HER2/testA/89M2100212_5_16.jpg,0.5668794512748718
89M2100212,89M2100212_5_21,0,0,1,/trinity/home/m.romanov/benchmarking/datasets/MIST_HER2/testB/89M2100212_5_21.jpg,/trinity/home/m.romanov/benchmarking/datasets/MIST_HER2/testA/89M2100212_5_21.jpg,0.5136298537254333
89M2100212,89M2100212_9_17,0,0,1,/trinity/home/m.romanov/benchmarking/datasets/MIST_HER2/testB/89M2100212_9_17.jpg,/trinity/home/m.romanov/benchmarking/datasets/MIST_HER2/testA/89M2100212_9_17.jpg,0.5344445109367371
89M2100212,89M2100212_9_22,0,0,1,/trinity/home/m.romanov/benchmarking/datasets/MIST_HER2/testB/89M2100212_9_22.jpg,/trinity/home/m.romanov/benchmarking/datasets/MIST_HER2/testA/89M2100212_9_22.jpg,0.5154083371162415
92M2100150,92M2100150_13_16,0,0,1,/trinity/home/m.romanov/benchmarking/datasets/MIST_HER2/testB/92M2100150_13_16.jpg,/trinity/home/m.romanov/benchmarking/datasets/MIST_HER2/testA/92M2100150_13_16.jpg,0.5338761210441589
92M2100150,92M2100150_13_8,0,0,1,/trinity/home/m.romanov/benchmarking/datasets/MIST_HER2/testB/92M2100150_13_8.jpg,/trinity/home/m.romanov/benchmarking/datasets/MIST_HER2/testA/92M2100150_13_8.jpg,0.5271864533424377
92M2100150,92M2100150_18_30,0,0,1,/trinity/home/m.romanov/benchmarking/datasets/MIST_HER2/testB/92M2100150_18_30.jpg,/trinity/home/m.romanov/benchmarking/datasets/MIST_HER2/testA/92M2100150_18_30.jpg,0.5272696614265442
92M2100150,92M2100150_20_18,0,0,1,/trinity/home/m.romanov/benchmarking/datasets/MIST_HER2/testB/92M2100150_20_18.jpg,/trinity/home/m.romanov/benchmarking/datasets/MIST_HER2/testA/92M2100150_20_18.jpg,0.44772422313690186
92M2100150,92M2100150_20_29,0,0,1,/trinity/home/m.romanov/benchmarking/datasets/MIST_HER2/testB/92M2100150_20_29.jpg,/trinity/home/m.romanov/benchmarking/datasets/MIST_HER2/testA/92M2100150_20_29.jpg,0.5507721304893494
93M2100147,93M2100147_13_10,0,0,1,/trinity/home/m.romanov/benchmarking/datasets/MIST_HER2/testB/93M2100147_13_10.jpg,/trinity/home/m.romanov/benchmarking/datasets/MIST_HER2/testA/93M2100147_13_10.jpg,0.677308976650238
93M2100147,93M2100147_13_22,0,0,1,/trinity/home/m.romanov/benchmarking/datasets/MIST_HER2/testB/93M2100147_13_22.jpg,/trinity/home/m.romanov/benchmarking/datasets/MIST_HER2/testA/93M2100147_13_22.jpg,0.5816174745559692
97M2100034,97M2100034_14_19,0,0,1,/trinity/home/m.romanov/benchmarking/datasets/MIST_HER2/testB/97M2100034_14_19.jpg,/trinity/home/m.romanov/benchmarking/datasets/MIST_HER2/testA/97M2100034_14_19.jpg,0.5124014616012573
98M2004096,98M2004096_12_13,0,0,1,/trinity/home/m.romanov/benchmarking/datasets/MIST_HER2/testB/98M2004096_12_13.jpg,/trinity/home/m.romanov/benchmarking/datasets/MIST_HER2/testA/98M2004096_12_13.jpg,0.612847089767456
98M2004096,98M2004096_8_16,0,0,1,/trinity/home/m.romanov/benchmarking/datasets/MIST_HER2/testB/98M2004096_8_16.jpg,/trinity/home/m.romanov/benchmarking/datasets/MIST_HER2/testA/98M2004096_8_16.jpg,0.652215301990509
100M2004069,100M2004069_25_16,0,0,2,/trinity/home/m.romanov/benchmarking/datasets/MIST_HER2/testB/100M2004069_25_16.jpg,/trinity/home/m.romanov/benchmarking/datasets/MIST_HER2/testA/100M2004069_25_16.jpg,0.5303326845169067
10M2102916,10M2102916_23_30,0,0,2,/trinity/home/m.romanov/benchmarking/datasets/MIST_HER2/testB/10M2102916_23_30.jpg,/trinity/home/m.romanov/benchmarking/datasets/MIST_HER2/testA/10M2102916_23_30.jpg,0.5886335968971252
10M2102916,10M2102916_30_7,0,0,2,/trinity/home/m.romanov/benchmarking/datasets/MIST_HER2/testB/10M2102916_30_7.jpg,/trinity/home/m.romanov/benchmarking/datasets/MIST_HER2/testA/10M2102916_30_7.jpg,0.6081030964851379
10M2102916,10M2102916_36_28,0,0,2,/trinity/home/m.romanov/benchmarking/datasets/MIST_HER2/testB/10M2102916_36_28.jpg,/trinity/home/m.romanov/benchmarking/datasets/MIST_HER2/testA/10M2102916_36_28.jpg,0.5954569578170776
10M2102916,10M2102916_38_17,0,0,2,/trinity/home/m.romanov/benchmarking/datasets/MIST_HER2/testB/10M2102916_38_17.jpg,/trinity/home/m.romanov/benchmarking/datasets/MIST_HER2/testA/10M2102916_38_17.jpg,0.6699259281158447
14M2102785,14M2102785_23_18,0,0,2,/trinity/home/m.romanov/benchmarking/datasets/MIST_HER2/testB/14M2102785_23_18.jpg,/trinity/home/m.romanov/benchmarking/datasets/MIST_HER2/testA/14M2102785_23_18.jpg,0.5841964483261108
14M2102785,14M2102785_24_13,0,0,2,/trinity/home/m.romanov/benchmarking/datasets/MIST_HER2/testB/14M2102785_24_13.jpg,/trinity/home/m.romanov/benchmarking/datasets/MIST_HER2/testA/14M2102785_24_13.jpg,0.6169446706771851
15M2102762,15M2102762_23_10,0,0,2,/trinity/home/m.romanov/benchmarking/datasets/MIST_HER2/testB/15M2102762_23_10.jpg,/trinity/home/m.romanov/benchmarking/datasets/MIST_HER2/testA/15M2102762_23_10.jpg,0.5406984090805054
16M2102718,16M2102718_13_26,0,0,2,/trinity/home/m.romanov/benchmarking/datasets/MIST_HER2/testB/16M2102718_13_26.jpg,/trinity/home/m.romanov/benchmarking/datasets/MIST_HER2/testA/16M2102718_13_26.jpg,0.5712242126464844
16M2102718,16M2102718_18_30,0,0,2,/trinity/home/m.romanov/benchmarking/datasets/MIST_HER2/testB/16M2102718_18_30.jpg,/trinity/home/m.romanov/benchmarking/datasets/MIST_HER2/testA/16M2102718_18_30.jpg,0.6099300384521484
16M2102718,16M2102718_23_10,0,0,2,/trinity/home/m.romanov/benchmarking/datasets/MIST_HER2/testB/16M2102718_23_10.jpg,/trinity/home/m.romanov/benchmarking/datasets/MIST_HER2/testA/16M2102718_23_10.jpg,0.6366347074508667
19M2102438,19M2102438_14_22,0,0,2,/trinity/home/m.romanov/benchmarking/datasets/MIST_HER2/testB/19M2102438_14_22.jpg,/trinity/home/m.romanov/benchmarking/datasets/MIST_HER2/testA/19M2102438_14_22.jpg,0.6708954572677612
19M2102438,19M2102438_15_18,0,0,2,/trinity/home/m.romanov/benchmarking/datasets/MIST_HER2/testB/19M2102438_15_18.jpg,/trinity/home/m.romanov/benchmarking/datasets/MIST_HER2/testA/19M2102438_15_18.jpg,0.7066925764083862
19M2102438,19M2102438_31_16,0,0,2,/trinity/home/m.romanov/benchmarking/datasets/MIST_HER2/testB/19M2102438_31_16.jpg,/trinity/home/m.romanov/benchmarking/datasets/MIST_HER2/testA/19M2102438_31_16.jpg,0.7041246891021729
22M2102266,22M2102266_10_18,0,0,2,/trinity/home/m.romanov/benchmarking/datasets/MIST_HER2/testB/22M2102266_10_18.jpg,/trinity/home/m.romanov/benchmarking/datasets/MIST_HER2/testA/22M2102266_10_18.jpg,0.5916038155555725
22M2102266,22M2102266_12_16,0,0,2,/trinity/home/m.romanov/benchmarking/datasets/MIST_HER2/testB/22M2102266_12_16.jpg,/trinity/home/m.romanov/benchmarking/datasets/MIST_HER2/testA/22M2102266_12_16.jpg,0.6090829372406006
22M2102266,22M2102266_16_23,0,0,2,/trinity/home/m.romanov/benchmarking/datasets/MIST_HER2/testB/22M2102266_16_23.jpg,/trinity/home/m.romanov/benchmarking/datasets/MIST_HER2/testA/22M2102266_16_23.jpg,0.5772197842597961
22M2102266,22M2102266_19_18,0,0,2,/trinity/home/m.romanov/benchmarking/datasets/MIST_HER2/testB/22M2102266_19_18.jpg,/trinity/home/m.romanov/benchmarking/datasets/MIST_HER2/testA/22M2102266_19_18.jpg,0.5962002277374268
22M2102266,22M2102266_21_19,0,0,2,/trinity/home/m.romanov/benchmarking/datasets/MIST_HER2/testB/22M2102266_21_19.jpg,/trinity/home/m.romanov/benchmarking/datasets/MIST_HER2/testA/22M2102266_21_19.jpg,0.5974841713905334
23M2102136,23M2102136_12_21,0,0,2,/trinity/home/m.romanov/benchmarking/datasets/MIST_HER2/testB/23M2102136_12_21.jpg,/trinity/home/m.romanov/benchmarking/datasets/MIST_HER2/testA/23M2102136_12_21.jpg,0.570110023021698
23M2102136,23M2102136_37_15,0,0,2,/trinity/home/m.romanov/benchmarking/datasets/MIST_HER2/testB/23M2102136_37_15.jpg,/trinity/home/m.romanov/benchmarking/datasets/MIST_HER2/testA/23M2102136_37_15.jpg,0.5790342092514038
27M2102007,27M2102007_10_16,0,0,2,/trinity/home/m.romanov/benchmarking/datasets/MIST_HER2/testB/27M2102007_10_16.jpg,/trinity/home/m.romanov/benchmarking/datasets/MIST_HER2/testA/27M2102007_10_16.jpg,0.6083122491836548
27M2102007,27M2102007_12_30,0,0,2,/trinity/home/m.romanov/benchmarking/datasets/MIST_HER2/testB/27M2102007_12_30.jpg,/trinity/home/m.romanov/benchmarking/datasets/MIST_HER2/testA/27M2102007_12_30.jpg,0.6295028924942017
27M2102007,27M2102007_9_32,0,0,2,/trinity/home/m.romanov/benchmarking/datasets/MIST_HER2/testB/27M2102007_9_32.jpg,/trinity/home/m.romanov/benchmarking/datasets/MIST_HER2/testA/27M2102007_9_32.jpg,0.5993409752845764
28M2101987,28M2101987_12_31,0,0,2,/trinity/home/m.romanov/benchmarking/datasets/MIST_HER2/testB/28M2101987_12_31.jpg,/trinity/home/m.romanov/benchmarking/datasets/MIST_HER2/testA/28M2101987_12_31.jpg,0.6285167336463928
28M2101987,28M2101987_18_11,0,0,2,/trinity/home/m.romanov/benchmarking/datasets/MIST_HER2/testB/28M2101987_18_11.jpg,/trinity/home/m.romanov/benchmarking/datasets/MIST_HER2/testA/28M2101987_18_11.jpg,0.6238722801208496
28M2101987,28M2101987_23_25,0,0,2,/trinity/home/m.romanov/benchmarking/datasets/MIST_HER2/testB/28M2101987_23_25.jpg,/trinity/home/m.romanov/benchmarking/datasets/MIST_HER2/testA/28M2101987_23_25.jpg,0.6044096350669861
28M2101987,28M2101987_6_18,0,0,2,/trinity/home/m.romanov/benchmarking/datasets/MIST_HER2/testB/28M2101987_6_18.jpg,/trinity/home/m.romanov/benchmarking/datasets/MIST_HER2/testA/28M2101987_6_18.jpg,0.6100650429725647
30M2101953,30M2101953_12_18,0,0,2,/trinity/home/m.romanov/benchmarking/datasets/MIST_HER2/testB/30M2101953_12_18.jpg,/trinity/home/m.romanov/benchmarking/datasets/MIST_HER2/testA/30M2101953_12_18.jpg,0.5347814559936523
30M2101953,30M2101953_16_19,0,0,2,/trinity/home/m.romanov/benchmarking/datasets/MIST_HER2/testB/30M2101953_16_19.jpg,/trinity/home/m.romanov/benchmarking/datasets/MIST_HER2/testA/30M2101953_16_19.jpg,0.5522668361663818
30M2101953,30M2101953_8_8,0,0,2,/trinity/home/m.romanov/benchmarking/datasets/MIST_HER2/testB/30M2101953_8_8.jpg,/trinity/home/m.romanov/benchmarking/datasets/MIST_HER2/testA/30M2101953_8_8.jpg,0.5957138538360596
31M2101871,31M2101871_10_21,0,0,2,/trinity/home/m.romanov/benchmarking/datasets/MIST_HER2/testB/31M2101871_10_21.jpg,/trinity/home/m.romanov/benchmarking/datasets/MIST_HER2/testA/31M2101871_10_21.jpg,0.5447248220443726
31M2101871,31M2101871_12_15,0,0,2,/trinity/home/m.romanov/benchmarking/datasets/MIST_HER2/testB/31M2101871_12_15.jpg,/trinity/home/m.romanov/benchmarking/datasets/MIST_HER2/testA/31M2101871_12_15.jpg,0.5934417843818665
31M2101871,31M2101871_29_14,0,0,2,/trinity/home/m.romanov/benchmarking/datasets/MIST_HER2/testB/31M2101871_29_14.jpg,/trinity/home/m.romanov/benchmarking/datasets/MIST_HER2/testA/31M2101871_29_14.jpg,0.568169355392456
31M2101871,31M2101871_32_7,0,0,2,/trinity/home/m.romanov/benchmarking/datasets/MIST_HER2/testB/31M2101871_32_7.jpg,/trinity/home/m.romanov/benchmarking/datasets/MIST_HER2/testA/31M2101871_32_7.jpg,0.4794042408466339
31M2101871,31M2101871_37_19,0,0,2,/trinity/home/m.romanov/benchmarking/datasets/MIST_HER2/testB/31M2101871_37_19.jpg,/trinity/home/m.romanov/benchmarking/datasets/MIST_HER2/testA/31M2101871_37_19.jpg,0.5411881804466248
31M2101871,31M2101871_38_13,0,0,2,/trinity/home/m.romanov/benchmarking/datasets/MIST_HER2/testB/31M2101871_38_13.jpg,/trinity/home/m.romanov/benchmarking/datasets/MIST_HER2/testA/31M2101871_38_13.jpg,0.5546562671661377
31M2101871,31M2101871_6_23,0,0,2,/trinity/home/m.romanov/benchmarking/datasets/MIST_HER2/testB/31M2101871_6_23.jpg,/trinity/home/m.romanov/benchmarking/datasets/MIST_HER2/testA/31M2101871_6_23.jpg,0.5158870816230774
33M2101839,33M2101839_12_6,0,0,2,/trinity/home/m.romanov/benchmarking/datasets/MIST_HER2/testB/33M2101839_12_6.jpg,/trinity/home/m.romanov/benchmarking/datasets/MIST_HER2/testA/33M2101839_12_6.jpg,0.6882120370864868
33M2101839,33M2101839_13_14,0,0,2,/trinity/home/m.romanov/benchmarking/datasets/MIST_HER2/testB/33M2101839_13_14.jpg,/trinity/home/m.romanov/benchmarking/datasets/MIST_HER2/testA/33M2101839_13_14.jpg,0.5919435620307922
33M2101839,33M2101839_15_9,0,0,2,/trinity/home/m.romanov/benchmarking/datasets/MIST_HER2/testB/33M2101839_15_9.jpg,/trinity/home/m.romanov/benchmarking/datasets/MIST_HER2/testA/33M2101839_15_9.jpg,0.6235405206680298
35M2101733,35M2101733_9_3,0,0,2,/trinity/home/m.romanov/benchmarking/datasets/MIST_HER2/testB/35M2101733_9_3.jpg,/trinity/home/m.romanov/benchmarking/datasets/MIST_HER2/testA/35M2101733_9_3.jpg,0.5427379012107849
35M2101733,35M2101733_9_6,0,0,2,/trinity/home/m.romanov/benchmarking/datasets/MIST_HER2/testB/35M2101733_9_6.jpg,/trinity/home/m.romanov/benchmarking/datasets/MIST_HER2/testA/35M2101733_9_6.jpg,0.5918067693710327
44M2101492,44M2101492_12_17,0,0,2,/trinity/home/m.romanov/benchmarking/datasets/MIST_HER2/testB/44M2101492_12_17.jpg,/trinity/home/m.romanov/benchmarking/datasets/MIST_HER2/testA/44M2101492_12_17.jpg,0.4919576644897461
44M2101492,44M2101492_13_13,0,0,2,/trinity/home/m.romanov/benchmarking/datasets/MIST_HER2/testB/44M2101492_13_13.jpg,/trinity/home/m.romanov/benchmarking/datasets/MIST_HER2/testA/44M2101492_13_13.jpg,0.5215609669685364
44M2101492,44M2101492_18_29,0,0,2,/trinity/home/m.romanov/benchmarking/datasets/MIST_HER2/testB/44M2101492_18_29.jpg,/trinity/home/m.romanov/benchmarking/datasets/MIST_HER2/testA/44M2101492_18_29.jpg,0.5261270403862
44M2101492,44M2101492_20_31,0,0,2,/trinity/home/m.romanov/benchmarking/datasets/MIST_HER2/testB/44M2101492_20_31.jpg,/trinity/home/m.romanov/benchmarking/datasets/MIST_HER2/testA/44M2101492_20_31.jpg,0.5351862907409668
44M2101492,44M2101492_21_26,0,0,2,/trinity/home/m.romanov/benchmarking/datasets/MIST_HER2/testB/44M2101492_21_26.jpg,/trinity/home/m.romanov/benchmarking/datasets/MIST_HER2/testA/44M2101492_21_26.jpg,0.5134871006011963
44M2101492,44M2101492_23_27,0,0,2,/trinity/home/m.romanov/benchmarking/datasets/MIST_HER2/testB/44M2101492_23_27.jpg,/trinity/home/m.romanov/benchmarking/datasets/MIST_HER2/testA/44M2101492_23_27.jpg,0.5101721882820129
44M2101492,44M2101492_28_27,0,0,2,/trinity/home/m.romanov/benchmarking/datasets/MIST_HER2/testB/44M2101492_28_27.jpg,/trinity/home/m.romanov/benchmarking/datasets/MIST_HER2/testA/44M2101492_28_27.jpg,0.51885986328125
45M2101377,45M2101377_15_18,0,0,2,/trinity/home/m.romanov/benchmarking/datasets/MIST_HER2/testB/45M2101377_15_18.jpg,/trinity/home/m.romanov/benchmarking/datasets/MIST_HER2/testA/45M2101377_15_18.jpg,0.5358265042304993
45M2101377,45M2101377_26_11,0,0,2,/trinity/home/m.romanov/benchmarking/datasets/MIST_HER2/testB/45M2101377_26_11.jpg,/trinity/home/m.romanov/benchmarking/datasets/MIST_HER2/testA/45M2101377_26_11.jpg,0.5395806431770325
46M2101353,46M2101353_30_20,0,0,2,/trinity/home/m.romanov/benchmarking/datasets/MIST_HER2/testB/46M2101353_30_20.jpg,/trinity/home/m.romanov/benchmarking/datasets/MIST_HER2/testA/46M2101353_30_20.jpg,0.6037530303001404
46M2101353,46M2101353_30_22,0,0,2,/trinity/home/m.romanov/benchmarking/datasets/MIST_HER2/testB/46M2101353_30_22.jpg,/trinity/home/m.romanov/benchmarking/datasets/MIST_HER2/testA/46M2101353_30_22.jpg,0.6018804311752319
47M2101316,47M2101316_15_29,0,0,2,/trinity/home/m.romanov/benchmarking/datasets/MIST_HER2/testB/47M2101316_15_29.jpg,/trinity/home/m.romanov/benchmarking/datasets/MIST_HER2/testA/47M2101316_15_29.jpg,0.573455274105072
47M2101316,47M2101316_7_22,0,0,2,/trinity/home/m.romanov/benchmarking/datasets/MIST_HER2/testB/47M2101316_7_22.jpg,/trinity/home/m.romanov/benchmarking/datasets/MIST_HER2/testA/47M2101316_7_22.jpg,0.5555413961410522
48M2101314,48M2101314_23_34,0,0,2,/trinity/home/m.romanov/benchmarking/datasets/MIST_HER2/testB/48M2101314_23_34.jpg,/trinity/home/m.romanov/benchmarking/datasets/MIST_HER2/testA/48M2101314_23_34.jpg,0.6052751541137695
48M2101314,48M2101314_33_37,0,0,2,/trinity/home/m.romanov/benchmarking/datasets/MIST_HER2/testB/48M2101314_33_37.jpg,/trinity/home/m.romanov/benchmarking/datasets/MIST_HER2/testA/48M2101314_33_37.jpg,0.595672607421875
4M2103059,4M2103059_19_16,0,0,2,/trinity/home/m.romanov/benchmarking/datasets/MIST_HER2/testB/4M2103059_19_16.jpg,/trinity/home/m.romanov/benchmarking/datasets/MIST_HER2/testA/4M2103059_19_16.jpg,0.5483911633491516
4M2103059,4M2103059_23_12,0,0,2,/trinity/home/m.romanov/benchmarking/datasets/MIST_HER2/testB/4M2103059_23_12.jpg,/trinity/home/m.romanov/benchmarking/datasets/MIST_HER2/testA/4M2103059_23_12.jpg,0.5757062435150146
4M2103059,4M2103059_24_21,0,0,2,/trinity/home/m.romanov/benchmarking/datasets/MIST_HER2/testB/4M2103059_24_21.jpg,/trinity/home/m.romanov/benchmarking/datasets/MIST_HER2/testA/4M2103059_24_21.jpg,0.6452850103378296
4M2103059,4M2103059_26_9,0,0,2,/trinity/home/m.romanov/benchmarking/datasets/MIST_HER2/testB/4M2103059_26_9.jpg,/trinity/home/m.romanov/benchmarking/datasets/MIST_HER2/testA/4M2103059_26_9.jpg,0.5803812146186829
50M2101298,50M2101298_15_12,0,0,2,/trinity/home/m.romanov/benchmarking/datasets/MIST_HER2/testB/50M2101298_15_12.jpg,/trinity/home/m.romanov/benchmarking/datasets/MIST_HER2/testA/50M2101298_15_12.jpg,0.5485175251960754
50M2101298,50M2101298_8_13,0,0,2,/trinity/home/m.romanov/benchmarking/datasets/MIST_HER2/testB/50M2101298_8_13.jpg,/trinity/home/m.romanov/benchmarking/datasets/MIST_HER2/testA/50M2101298_8_13.jpg,0.5127506256103516
50M2101298,50M2101298_9_12,0,0,2,/trinity/home/m.romanov/benchmarking/datasets/MIST_HER2/testB/50M2101298_9_12.jpg,/trinity/home/m.romanov/benchmarking/datasets/MIST_HER2/testA/50M2101298_9_12.jpg,0.5048334002494812
51M2101285,51M2101285_14_10,0,0,2,/trinity/home/m.romanov/benchmarking/datasets/MIST_HER2/testB/51M2101285_14_10.jpg,/trinity/home/m.romanov/benchmarking/datasets/MIST_HER2/testA/51M2101285_14_10.jpg,0.6540860533714294
51M2101285,51M2101285_29_18,0,0,2,/trinity/home/m.romanov/benchmarking/datasets/MIST_HER2/testB/51M2101285_29_18.jpg,/trinity/home/m.romanov/benchmarking/datasets/MIST_HER2/testA/51M2101285_29_18.jpg,0.5834169387817383
52M2101275,52M2101275_13_9,0,0,2,/trinity/home/m.romanov/benchmarking/datasets/MIST_HER2/testB/52M2101275_13_9.jpg,/trinity/home/m.romanov/benchmarking/datasets/MIST_HER2/testA/52M2101275_13_9.jpg,0.6254303455352783
53M2101258,53M2101258_30_20,0,0,2,/trinity/home/m.romanov/benchmarking/datasets/MIST_HER2/testB/53M2101258_30_20.jpg,/trinity/home/m.romanov/benchmarking/datasets/MIST_HER2/testA/53M2101258_30_20.jpg,0.5112972259521484
53M2101258,53M2101258_32_19,0,0,2,/trinity/home/m.romanov/benchmarking/datasets/MIST_HER2/testB/53M2101258_32_19.jpg,/trinity/home/m.romanov/benchmarking/datasets/MIST_HER2/testA/53M2101258_32_19.jpg,0.5850299596786499
56M2101083,56M2101083_36_26,0,0,2,/trinity/home/m.romanov/benchmarking/datasets/MIST_HER2/testB/56M2101083_36_26.jpg,/trinity/home/m.romanov/benchmarking/datasets/MIST_HER2/testA/56M2101083_36_26.jpg,0.6840821504592896
57M2101034,57M2101034_11_29,0,0,2,/trinity/home/m.romanov/benchmarking/datasets/MIST_HER2/testB/57M2101034_11_29.jpg,/trinity/home/m.romanov/benchmarking/datasets/MIST_HER2/testA/57M2101034_11_29.jpg,0.604019284248352
57M2101034,57M2101034_3_22,0,0,2,/trinity/home/m.romanov/benchmarking/datasets/MIST_HER2/testB/57M2101034_3_22.jpg,/trinity/home/m.romanov/benchmarking/datasets/MIST_HER2/testA/57M2101034_3_22.jpg,0.5963046550750732
57M2101034,57M2101034_6_21,0,0,2,/trinity/home/m.romanov/benchmarking/datasets/MIST_HER2/testB/57M2101034_6_21.jpg,/trinity/home/m.romanov/benchmarking/datasets/MIST_HER2/testA/57M2101034_6_21.jpg,0.5986524820327759
58M2100997,58M2100997_11_15,0,0,2,/trinity/home/m.romanov/benchmarking/datasets/MIST_HER2/testB/58M2100997_11_15.jpg,/trinity/home/m.romanov/benchmarking/datasets/MIST_HER2/testA/58M2100997_11_15.jpg,0.6658744215965271
60M2100980,60M2100980_18_21,0,0,2,/trinity/home/m.romanov/benchmarking/datasets/MIST_HER2/testB/60M2100980_18_21.jpg,/trinity/home/m.romanov/benchmarking/datasets/MIST_HER2/testA/60M2100980_18_21.jpg,0.6501563191413879
60M2100980,60M2100980_24_13,0,0,2,/trinity/home/m.romanov/benchmarking/datasets/MIST_HER2/testB/60M2100980_24_13.jpg,/trinity/home/m.romanov/benchmarking/datasets/MIST_HER2/testA/60M2100980_24_13.jpg,0.6958609223365784
62M2100915,62M2100915_27_18,0,0,2,/trinity/home/m.romanov/benchmarking/datasets/MIST_HER2/testB/62M2100915_27_18.jpg,/trinity/home/m.romanov/benchmarking/datasets/MIST_HER2/testA/62M2100915_27_18.jpg,0.6601327657699585
62M2100915,62M2100915_32_19,0,0,2,/trinity/home/m.romanov/benchmarking/datasets/MIST_HER2/testB/62M2100915_32_19.jpg,/trinity/home/m.romanov/benchmarking/datasets/MIST_HER2/testA/62M2100915_32_19.jpg,0.690959632396698
65M2100668,65M2100668_15_11,0,0,2,/trinity/home/m.romanov/benchmarking/datasets/MIST_HER2/testB/65M2100668_15_11.jpg,/trinity/home/m.romanov/benchmarking/datasets/MIST_HER2/testA/65M2100668_15_11.jpg,0.5781958699226379
65M2100668,65M2100668_21_23,0,0,2,/trinity/home/m.romanov/benchmarking/datasets/MIST_HER2/testB/65M2100668_21_23.jpg,/trinity/home/m.romanov/benchmarking/datasets/MIST_HER2/testA/65M2100668_21_23.jpg,0.6477656960487366
65M2100668,65M2100668_26_9,0,0,2,/trinity/home/m.romanov/benchmarking/datasets/MIST_HER2/testB/65M2100668_26_9.jpg,/trinity/home/m.romanov/benchmarking/datasets/MIST_HER2/testA/65M2100668_26_9.jpg,0.6632487773895264
67M2100642,67M2100642_14_4,0,0,2,/trinity/home/m.romanov/benchmarking/datasets/MIST_HER2/testB/67M2100642_14_4.jpg,/trinity/home/m.romanov/benchmarking/datasets/MIST_HER2/testA/67M2100642_14_4.jpg,0.6651467084884644
67M2100642,67M2100642_23_9,0,0,2,/trinity/home/m.romanov/benchmarking/datasets/MIST_HER2/testB/67M2100642_23_9.jpg,/trinity/home/m.romanov/benchmarking/datasets/MIST_HER2/testA/67M2100642_23_9.jpg,0.6617697477340698
68M2100640,68M2100640_16_16,0,0,2,/trinity/home/m.romanov/benchmarking/datasets/MIST_HER2/testB/68M2100640_16_16.jpg,/trinity/home/m.romanov/benchmarking/datasets/MIST_HER2/testA/68M2100640_16_16.jpg,0.6375979781150818
69M2100632,69M2100632_18_3,0,0,2,/trinity/home/m.romanov/benchmarking/datasets/MIST_HER2/testB/69M2100632_18_3.jpg,/trinity/home/m.romanov/benchmarking/datasets/MIST_HER2/testA/69M2100632_18_3.jpg,0.6008744239807129
69M2100632,69M2100632_19_11,0,0,2,/trinity/home/m.romanov/benchmarking/datasets/MIST_HER2/testB/69M2100632_19_11.jpg,/trinity/home/m.romanov/benchmarking/datasets/MIST_HER2/testA/69M2100632_19_11.jpg,0.5743152499198914
6M2103024,6M2103024_17_17,0,0,2,/trinity/home/m.romanov/benchmarking/datasets/MIST_HER2/testB/6M2103024_17_17.jpg,/trinity/home/m.romanov/benchmarking/datasets/MIST_HER2/testA/6M2103024_17_17.jpg,0.5903462171554565
6M2103024,6M2103024_21_18,0,0,2,/trinity/home/m.romanov/benchmarking/datasets/MIST_HER2/testB/6M2103024_21_18.jpg,/trinity/home/m.romanov/benchmarking/datasets/MIST_HER2/testA/6M2103024_21_18.jpg,0.564985990524292
6M2103024,6M2103024_5_8,0,0,2,/trinity/home/m.romanov/benchmarking/datasets/MIST_HER2/testB/6M2103024_5_8.jpg,/trinity/home/m.romanov/benchmarking/datasets/MIST_HER2/testA/6M2103024_5_8.jpg,0.5241011381149292
70M2100623,70M2100623_28_24,0,0,2,/trinity/home/m.romanov/benchmarking/datasets/MIST_HER2/testB/70M2100623_28_24.jpg,/trinity/home/m.romanov/benchmarking/datasets/MIST_HER2/testA/70M2100623_28_24.jpg,0.622093677520752
74M2100526,74M2100526_15_6,0,0,2,/trinity/home/m.romanov/benchmarking/datasets/MIST_HER2/testB/74M2100526_15_6.jpg,/trinity/home/m.romanov/benchmarking/datasets/MIST_HER2/testA/74M2100526_15_6.jpg,0.5562623739242554
74M2100526,74M2100526_29_16,0,0,2,/trinity/home/m.romanov/benchmarking/datasets/MIST_HER2/testB/74M2100526_29_16.jpg,/trinity/home/m.romanov/benchmarking/datasets/MIST_HER2/testA/74M2100526_29_16.jpg,0.589836835861206
75M2100521,75M2100521_10_13,0,0,2,/trinity/home/m.romanov/benchmarking/datasets/MIST_HER2/testB/75M2100521_10_13.jpg,/trinity/home/m.romanov/benchmarking/datasets/MIST_HER2/testA/75M2100521_10_13.jpg,0.6360952854156494
75M2100521,75M2100521_13_11,0,0,2,/trinity/home/m.romanov/benchmarking/datasets/MIST_HER2/testB/75M2100521_13_11.jpg,/trinity/home/m.romanov/benchmarking/datasets/MIST_HER2/testA/75M2100521_13_11.jpg,0.627677321434021
75M2100521,75M2100521_15_20,0,0,2,/trinity/home/m.romanov/benchmarking/datasets/MIST_HER2/testB/75M2100521_15_20.jpg,/trinity/home/m.romanov/benchmarking/datasets/MIST_HER2/testA/75M2100521_15_20.jpg,0.6519337892532349
75M2100521,75M2100521_26_14,0,0,2,/trinity/home/m.romanov/benchmarking/datasets/MIST_HER2/testB/75M2100521_26_14.jpg,/trinity/home/m.romanov/benchmarking/datasets/MIST_HER2/testA/75M2100521_26_14.jpg,0.5844709277153015
75M2100521,75M2100521_7_17,0,0,2,/trinity/home/m.romanov/benchmarking/datasets/MIST_HER2/testB/75M2100521_7_17.jpg,/trinity/home/m.romanov/benchmarking/datasets/MIST_HER2/testA/75M2100521_7_17.jpg,0.606737494468689
76M2100485,76M2100485_20_14,0,0,2,/trinity/home/m.romanov/benchmarking/datasets/MIST_HER2/testB/76M2100485_20_14.jpg,/trinity/home/m.romanov/benchmarking/datasets/MIST_HER2/testA/76M2100485_20_14.jpg,0.5830594301223755
76M2100485,76M2100485_25_23,0,0,2,/trinity/home/m.romanov/benchmarking/datasets/MIST_HER2/testB/76M2100485_25_23.jpg,/trinity/home/m.romanov/benchmarking/datasets/MIST_HER2/testA/76M2100485_25_23.jpg,0.5770679712295532
77M2100464,77M2100464_18_20,0,0,2,/trinity/home/m.romanov/benchmarking/datasets/MIST_HER2/testB/77M2100464_18_20.jpg,/trinity/home/m.romanov/benchmarking/datasets/MIST_HER2/testA/77M2100464_18_20.jpg,0.58221435546875
77M2100464,77M2100464_33_24,0,0,2,/trinity/home/m.romanov/benchmarking/datasets/MIST_HER2/testB/77M2100464_33_24.jpg,/trinity/home/m.romanov/benchmarking/datasets/MIST_HER2/testA/77M2100464_33_24.jpg,0.5829633474349976
79M2100417,79M2100417_12_22,0,0,2,/trinity/home/m.romanov/benchmarking/datasets/MIST_HER2/testB/79M2100417_12_22.jpg,/trinity/home/m.romanov/benchmarking/datasets/MIST_HER2/testA/79M2100417_12_22.jpg,0.6052178144454956
79M2100417,79M2100417_19_15,0,0,2,/trinity/home/m.romanov/benchmarking/datasets/MIST_HER2/testB/79M2100417_19_15.jpg,/trinity/home/m.romanov/benchmarking/datasets/MIST_HER2/testA/79M2100417_19_15.jpg,0.6170307993888855
79M2100417,79M2100417_20_20,0,0,2,/trinity/home/m.romanov/benchmarking/datasets/MIST_HER2/testB/79M2100417_20_20.jpg,/trinity/home/m.romanov/benchmarking/datasets/MIST_HER2/testA/79M2100417_20_20.jpg,0.5897375345230103
80M2100377,80M2100377_17_5,0,0,2,/trinity/home/m.romanov/benchmarking/datasets/MIST_HER2/testB/80M2100377_17_5.jpg,/trinity/home/m.romanov/benchmarking/datasets/MIST_HER2/testA/80M2100377_17_5.jpg,0.6232917904853821
80M2100377,80M2100377_24_31,0,0,2,/trinity/home/m.romanov/benchmarking/datasets/MIST_HER2/testB/80M2100377_24_31.jpg,/trinity/home/m.romanov/benchmarking/datasets/MIST_HER2/testA/80M2100377_24_31.jpg,0.5806660652160645
80M2100377,80M2100377_29_28,0,0,2,/trinity/home/m.romanov/benchmarking/datasets/MIST_HER2/testB/80M2100377_29_28.jpg,/trinity/home/m.romanov/benchmarking/datasets/MIST_HER2/testA/80M2100377_29_28.jpg,0.5765506029129028
81M2100356,81M2100356_29_24,0,0,2,/trinity/home/m.romanov/benchmarking/datasets/MIST_HER2/testB/81M2100356_29_24.jpg,/trinity/home/m.romanov/benchmarking/datasets/MIST_HER2/testA/81M2100356_29_24.jpg,0.6265932321548462
81M2100356,81M2100356_38_24,0,0,2,/trinity/home/m.romanov/benchmarking/datasets/MIST_HER2/testB/81M2100356_38_24.jpg,/trinity/home/m.romanov/benchmarking/datasets/MIST_HER2/testA/81M2100356_38_24.jpg,0.6066939830780029
83M2100256,83M2100256_28_18,0,0,2,/trinity/home/m.romanov/benchmarking/datasets/MIST_HER2/testB/83M2100256_28_18.jpg,/trinity/home/m.romanov/benchmarking/datasets/MIST_HER2/testA/83M2100256_28_18.jpg,0.5389462113380432
83M2100256,83M2100256_30_22,0,0,2,/trinity/home/m.romanov/benchmarking/datasets/MIST_HER2/testB/83M2100256_30_22.jpg,/trinity/home/m.romanov/benchmarking/datasets/MIST_HER2/testA/83M2100256_30_22.jpg,0.5120985507965088
88M2100218,88M2100218_14_26,0,0,2,/trinity/home/m.romanov/benchmarking/datasets/MIST_HER2/testB/88M2100218_14_26.jpg,/trinity/home/m.romanov/benchmarking/datasets/MIST_HER2/testA/88M2100218_14_26.jpg,0.6266475915908813
88M2100218,88M2100218_24_8,0,0,2,/trinity/home/m.romanov/benchmarking/datasets/MIST_HER2/testB/88M2100218_24_8.jpg,/trinity/home/m.romanov/benchmarking/datasets/MIST_HER2/testA/88M2100218_24_8.jpg,0.6271675825119019
88M2100218,88M2100218_25_23,0,0,2,/trinity/home/m.romanov/benchmarking/datasets/MIST_HER2/testB/88M2100218_25_23.jpg,/trinity/home/m.romanov/benchmarking/datasets/MIST_HER2/testA/88M2100218_25_23.jpg,0.6265972852706909
91M2100173,91M2100173_21_20,0,0,2,/trinity/home/m.romanov/benchmarking/datasets/MIST_HER2/testB/91M2100173_21_20.jpg,/trinity/home/m.romanov/benchmarking/datasets/MIST_HER2/testA/91M2100173_21_20.jpg,0.6692168712615967
91M2100173,91M2100173_5_12,0,0,2,/trinity/home/m.romanov/benchmarking/datasets/MIST_HER2/testB/91M2100173_5_12.jpg,/trinity/home/m.romanov/benchmarking/datasets/MIST_HER2/testA/91M2100173_5_12.jpg,0.5900375247001648
91M2100173,91M2100173_6_9,0,0,2,/trinity/home/m.romanov/benchmarking/datasets/MIST_HER2/testB/91M2100173_6_9.jpg,/trinity/home/m.romanov/benchmarking/datasets/MIST_HER2/testA/91M2100173_6_9.jpg,0.5744247436523438
92M2100150,92M2100150_1_28,0,0,2,/trinity/home/m.romanov/benchmarking/datasets/MIST_HER2/testB/92M2100150_1_28.jpg,/trinity/home/m.romanov/benchmarking/datasets/MIST_HER2/testA/92M2100150_1_28.jpg,0.6483195424079895
94M2100142,94M2100142_20_20,0,0,2,/trinity/home/m.romanov/benchmarking/datasets/MIST_HER2/testB/94M2100142_20_20.jpg,/trinity/home/m.romanov/benchmarking/datasets/MIST_HER2/testA/94M2100142_20_20.jpg,0.6465380191802979
94M2100142,94M2100142_8_10,0,0,2,/trinity/home/m.romanov/benchmarking/datasets/MIST_HER2/testB/94M2100142_8_10.jpg,/trinity/home/m.romanov/benchmarking/datasets/MIST_HER2/testA/94M2100142_8_10.jpg,0.669876754283905
97M2100034,97M2100034_18_10,0,0,2,/trinity/home/m.romanov/benchmarking/datasets/MIST_HER2/testB/97M2100034_18_10.jpg,/trinity/home/m.romanov/benchmarking/datasets/MIST_HER2/testA/97M2100034_18_10.jpg,0.5082016587257385
97M2100034,97M2100034_23_11,0,0,2,/trinity/home/m.romanov/benchmarking/datasets/MIST_HER2/testB/97M2100034_23_11.jpg,/trinity/home/m.romanov/benchmarking/datasets/MIST_HER2/testA/97M2100034_23_11.jpg,0.5092607736587524
97M2100034,97M2100034_26_16,0,0,2,/trinity/home/m.romanov/benchmarking/datasets/MIST_HER2/testB/97M2100034_26_16.jpg,/trinity/home/m.romanov/benchmarking/datasets/MIST_HER2/testA/97M2100034_26_16.jpg,0.4939176142215729
98M2004096,98M2004096_11_12,0,0,2,/trinity/home/m.romanov/benchmarking/datasets/MIST_HER2/testB/98M2004096_11_12.jpg,/trinity/home/m.romanov/benchmarking/datasets/MIST_HER2/testA/98M2004096_11_12.jpg,0.6292758584022522
98M2004096,98M2004096_20_11,0,0,2,/trinity/home/m.romanov/benchmarking/datasets/MIST_HER2/testB/98M2004096_20_11.jpg,/trinity/home/m.romanov/benchmarking/datasets/MIST_HER2/testA/98M2004096_20_11.jpg,0.5660607814788818
98M2004096,98M2004096_25_16,0,0,2,/trinity/home/m.romanov/benchmarking/datasets/MIST_HER2/testB/98M2004096_25_16.jpg,/trinity/home/m.romanov/benchmarking/datasets/MIST_HER2/testA/98M2004096_25_16.jpg,0.5966975092887878
98M2004096,98M2004096_34_7,0,0,2,/trinity/home/m.romanov/benchmarking/datasets/MIST_HER2/testB/98M2004096_34_7.jpg,/trinity/home/m.romanov/benchmarking/datasets/MIST_HER2/testA/98M2004096_34_7.jpg,0.6409591436386108
98M2004096,98M2004096_8_11,0,0,2,/trinity/home/m.romanov/benchmarking/datasets/MIST_HER2/testB/98M2004096_8_11.jpg,/trinity/home/m.romanov/benchmarking/datasets/MIST_HER2/testA/98M2004096_8_11.jpg,0.6363837718963623
99M2004082,99M2004082_11_20,0,0,2,/trinity/home/m.romanov/benchmarking/datasets/MIST_HER2/testB/99M2004082_11_20.jpg,/trinity/home/m.romanov/benchmarking/datasets/MIST_HER2/testA/99M2004082_11_20.jpg,0.7411918640136719
99M2004082,99M2004082_21_12,0,0,2,/trinity/home/m.romanov/benchmarking/datasets/MIST_HER2/testB/99M2004082_21_12.jpg,/trinity/home/m.romanov/benchmarking/datasets/MIST_HER2/testA/99M2004082_21_12.jpg,0.6090295314788818
99M2004082,99M2004082_24_14,0,0,2,/trinity/home/m.romanov/benchmarking/datasets/MIST_HER2/testB/99M2004082_24_14.jpg,/trinity/home/m.romanov/benchmarking/datasets/MIST_HER2/testA/99M2004082_24_14.jpg,0.6709164381027222
99M2004082,99M2004082_27_17,0,0,2,/trinity/home/m.romanov/benchmarking/datasets/MIST_HER2/testB/99M2004082_27_17.jpg,/trinity/home/m.romanov/benchmarking/datasets/MIST_HER2/testA/99M2004082_27_17.jpg,0.6060700416564941
