pname,patch_id,Similarity_Score,rdist,class3,fixed_path,warped_path,lpips_patches
12M2102884,12M2102884_10_7,0,0,0,/trinity/home/m.romanov/benchmarking/datasets/MIST_HER2/testB/12M2102884_10_7.jpg,/trinity/home/m.romanov/benchmarking/datasets/MIST_HER2/testA/12M2102884_10_7.jpg,0.5539743155241013
12M2102884,12M2102884_7_9,0,0,0,/trinity/home/m.romanov/benchmarking/datasets/MIST_HER2/testB/12M2102884_7_9.jpg,/trinity/home/m.romanov/benchmarking/datasets/MIST_HER2/testA/12M2102884_7_9.jpg,0.5634302049875259
48M2101314,48M2101314_40_34,0,0,0,/trinity/home/m.romanov/benchmarking/datasets/MIST_HER2/testB/48M2101314_40_34.jpg,/trinity/home/m.romanov/benchmarking/datasets/MIST_HER2/testA/48M2101314_40_34.jpg,0.5854665637016296
57M2101034,57M2101034_5_20,0,0,0,/trinity/home/m.romanov/benchmarking/datasets/MIST_HER2/testB/57M2101034_5_20.jpg,/trinity/home/m.romanov/benchmarking/datasets/MIST_HER2/testA/57M2101034_5_20.jpg,0.61567622423172
88M2100218,88M2100218_27_3,0,0,0,/trinity/home/m.romanov/benchmarking/datasets/MIST_HER2/testB/88M2100218_27_3.jpg,/trinity/home/m.romanov/benchmarking/datasets/MIST_HER2/testA/88M2100218_27_3.jpg,0.6406028121709824
89M2100212,89M2100212_10_17,0,0,0,/trinity/home/m.romanov/benchmarking/datasets/MIST_HER2/testB/89M2100212_10_17.jpg,/trinity/home/m.romanov/benchmarking/datasets/MIST_HER2/testA/89M2100212_10_17.jpg,0.6108921319246292
89M2100212,89M2100212_11_18,0,0,0,/trinity/home/m.romanov/benchmarking/datasets/MIST_HER2/testB/89M2100212_11_18.jpg,/trinity/home/m.romanov/benchmarking/datasets/MIST_HER2/testA/89M2100212_11_18.jpg,0.607622966170311
89M2100212,89M2100212_11_20,0,0,0,/trinity/home/m.romanov/benchmarking/datasets/MIST_HER2/testB/89M2100212_11_20.jpg,/trinity/home/m.romanov/benchmarking/datasets/MIST_HER2/testA/89M2100212_11_20.jpg,0.6329608708620071
89M2100212,89M2100212_12_22,0,0,0,/trinity/home/m.romanov/benchmarking/datasets/MIST_HER2/testB/89M2100212_12_22.jpg,/trinity/home/m.romanov/benchmarking/datasets/MIST_HER2/testA/89M2100212_12_22.jpg,0.6353982388973236
89M2100212,89M2100212_14_22,0,0,0,/trinity/home/m.romanov/benchmarking/datasets/MIST_HER2/testB/89M2100212_14_22.jpg,/trinity/home/m.romanov/benchmarking/datasets/MIST_HER2/testA/89M2100212_14_22.jpg,0.5783690512180328
89M2100212,89M2100212_16_11,0,0,0,/trinity/home/m.romanov/benchmarking/datasets/MIST_HER2/testB/89M2100212_16_11.jpg,/trinity/home/m.romanov/benchmarking/datasets/MIST_HER2/testA/89M2100212_16_11.jpg,0.583460122346878
89M2100212,89M2100212_3_13,0,0,0,/trinity/home/m.romanov/benchmarking/datasets/MIST_HER2/testB/89M2100212_3_13.jpg,/trinity/home/m.romanov/benchmarking/datasets/MIST_HER2/testA/89M2100212_3_13.jpg,0.5826572626829147
89M2100212,89M2100212_9_16,0,0,0,/trinity/home/m.romanov/benchmarking/datasets/MIST_HER2/testB/89M2100212_9_16.jpg,/trinity/home/m.romanov/benchmarking/datasets/MIST_HER2/testA/89M2100212_9_16.jpg,0.5731033533811569
100M2004069,100M2004069_10_9,0,0,1,/trinity/home/m.romanov/benchmarking/datasets/MIST_HER2/testB/100M2004069_10_9.jpg,/trinity/home/m.romanov/benchmarking/datasets/MIST_HER2/testA/100M2004069_10_9.jpg,0.5888283550739288
100M2004069,100M2004069_16_30,0,0,1,/trinity/home/m.romanov/benchmarking/datasets/MIST_HER2/testB/100M2004069_16_30.jpg,/trinity/home/m.romanov/benchmarking/datasets/MIST_HER2/testA/100M2004069_16_30.jpg,0.5551171153783798
100M2004069,100M2004069_21_29,0,0,1,/trinity/home/m.romanov/benchmarking/datasets/MIST_HER2/testB/100M2004069_21_29.jpg,/trinity/home/m.romanov/benchmarking/datasets/MIST_HER2/testA/100M2004069_21_29.jpg,0.5742232501506805
100M2004069,100M2004069_26_23,0,0,1,/trinity/home/m.romanov/benchmarking/datasets/MIST_HER2/testB/100M2004069_26_23.jpg,/trinity/home/m.romanov/benchmarking/datasets/MIST_HER2/testA/100M2004069_26_23.jpg,0.5592007488012314
100M2004069,100M2004069_32_27,0,0,1,/trinity/home/m.romanov/benchmarking/datasets/MIST_HER2/testB/100M2004069_32_27.jpg,/trinity/home/m.romanov/benchmarking/datasets/MIST_HER2/testA/100M2004069_32_27.jpg,0.5695649683475494
10M2102916,10M2102916_14_4,0,0,1,/trinity/home/m.romanov/benchmarking/datasets/MIST_HER2/testB/10M2102916_14_4.jpg,/trinity/home/m.romanov/benchmarking/datasets/MIST_HER2/testA/10M2102916_14_4.jpg,0.6209345757961273
10M2102916,10M2102916_17_14,0,0,1,/trinity/home/m.romanov/benchmarking/datasets/MIST_HER2/testB/10M2102916_17_14.jpg,/trinity/home/m.romanov/benchmarking/datasets/MIST_HER2/testA/10M2102916_17_14.jpg,0.5591040402650833
12M2102884,12M2102884_18_4,0,0,1,/trinity/home/m.romanov/benchmarking/datasets/MIST_HER2/testB/12M2102884_18_4.jpg,/trinity/home/m.romanov/benchmarking/datasets/MIST_HER2/testA/12M2102884_18_4.jpg,0.5452045798301697
12M2102884,12M2102884_6_5,0,0,1,/trinity/home/m.romanov/benchmarking/datasets/MIST_HER2/testB/12M2102884_6_5.jpg,/trinity/home/m.romanov/benchmarking/datasets/MIST_HER2/testA/12M2102884_6_5.jpg,0.5503949522972107
12M2102884,12M2102884_8_9,0,0,1,/trinity/home/m.romanov/benchmarking/datasets/MIST_HER2/testB/12M2102884_8_9.jpg,/trinity/home/m.romanov/benchmarking/datasets/MIST_HER2/testA/12M2102884_8_9.jpg,0.5391018241643906
14M2102785,14M2102785_14_9,0,0,1,/trinity/home/m.romanov/benchmarking/datasets/MIST_HER2/testB/14M2102785_14_9.jpg,/trinity/home/m.romanov/benchmarking/datasets/MIST_HER2/testA/14M2102785_14_9.jpg,0.6306970864534378
15M2102762,15M2102762_14_15,0,0,1,/trinity/home/m.romanov/benchmarking/datasets/MIST_HER2/testB/15M2102762_14_15.jpg,/trinity/home/m.romanov/benchmarking/datasets/MIST_HER2/testA/15M2102762_14_15.jpg,0.6110372841358185
15M2102762,15M2102762_15_21,0,0,1,/trinity/home/m.romanov/benchmarking/datasets/MIST_HER2/testB/15M2102762_15_21.jpg,/trinity/home/m.romanov/benchmarking/datasets/MIST_HER2/testA/15M2102762_15_21.jpg,0.5839088410139084
15M2102762,15M2102762_15_26,0,0,1,/trinity/home/m.romanov/benchmarking/datasets/MIST_HER2/testB/15M2102762_15_26.jpg,/trinity/home/m.romanov/benchmarking/datasets/MIST_HER2/testA/15M2102762_15_26.jpg,0.6065161377191544
15M2102762,15M2102762_19_20,0,0,1,/trinity/home/m.romanov/benchmarking/datasets/MIST_HER2/testB/15M2102762_19_20.jpg,/trinity/home/m.romanov/benchmarking/datasets/MIST_HER2/testA/15M2102762_19_20.jpg,0.5897628515958786
15M2102762,15M2102762_21_24,0,0,1,/trinity/home/m.romanov/benchmarking/datasets/MIST_HER2/testB/15M2102762_21_24.jpg,/trinity/home/m.romanov/benchmarking/datasets/MIST_HER2/testA/15M2102762_21_24.jpg,0.5737787038087845
15M2102762,15M2102762_26_10,0,0,1,/trinity/home/m.romanov/benchmarking/datasets/MIST_HER2/testB/15M2102762_26_10.jpg,/trinity/home/m.romanov/benchmarking/datasets/MIST_HER2/testA/15M2102762_26_10.jpg,0.6130458861589432
15M2102762,15M2102762_2_22,0,0,1,/trinity/home/m.romanov/benchmarking/datasets/MIST_HER2/testB/15M2102762_2_22.jpg,/trinity/home/m.romanov/benchmarking/datasets/MIST_HER2/testA/15M2102762_2_22.jpg,0.5943682640790939
15M2102762,15M2102762_6_23,0,0,1,/trinity/home/m.romanov/benchmarking/datasets/MIST_HER2/testB/15M2102762_6_23.jpg,/trinity/home/m.romanov/benchmarking/datasets/MIST_HER2/testA/15M2102762_6_23.jpg,0.60263292491436
15M2102762,15M2102762_8_22,0,0,1,/trinity/home/m.romanov/benchmarking/datasets/MIST_HER2/testB/15M2102762_8_22.jpg,/trinity/home/m.romanov/benchmarking/datasets/MIST_HER2/testA/15M2102762_8_22.jpg,0.6113101989030838
23M2102136,23M2102136_13_16,0,0,1,/trinity/home/m.romanov/benchmarking/datasets/MIST_HER2/testB/23M2102136_13_16.jpg,/trinity/home/m.romanov/benchmarking/datasets/MIST_HER2/testA/23M2102136_13_16.jpg,0.5428682714700699
27M2102007,27M2102007_5_29,0,0,1,/trinity/home/m.romanov/benchmarking/datasets/MIST_HER2/testB/27M2102007_5_29.jpg,/trinity/home/m.romanov/benchmarking/datasets/MIST_HER2/testA/27M2102007_5_29.jpg,0.6542014926671982
27M2102007,27M2102007_6_24,0,0,1,/trinity/home/m.romanov/benchmarking/datasets/MIST_HER2/testB/27M2102007_6_24.jpg,/trinity/home/m.romanov/benchmarking/datasets/MIST_HER2/testA/27M2102007_6_24.jpg,0.6761031299829483
27M2102007,27M2102007_8_22,0,0,1,/trinity/home/m.romanov/benchmarking/datasets/MIST_HER2/testB/27M2102007_8_22.jpg,/trinity/home/m.romanov/benchmarking/datasets/MIST_HER2/testA/27M2102007_8_22.jpg,0.7050684839487076
28M2101987,28M2101987_14_25,0,0,1,/trinity/home/m.romanov/benchmarking/datasets/MIST_HER2/testB/28M2101987_14_25.jpg,/trinity/home/m.romanov/benchmarking/datasets/MIST_HER2/testA/28M2101987_14_25.jpg,0.5333630293607712
28M2101987,28M2101987_20_17,0,0,1,/trinity/home/m.romanov/benchmarking/datasets/MIST_HER2/testB/28M2101987_20_17.jpg,/trinity/home/m.romanov/benchmarking/datasets/MIST_HER2/testA/28M2101987_20_17.jpg,0.5862078070640564
28M2101987,28M2101987_25_15,0,0,1,/trinity/home/m.romanov/benchmarking/datasets/MIST_HER2/testB/28M2101987_25_15.jpg,/trinity/home/m.romanov/benchmarking/datasets/MIST_HER2/testA/28M2101987_25_15.jpg,0.6285381764173508
28M2101987,28M2101987_8_16,0,0,1,/trinity/home/m.romanov/benchmarking/datasets/MIST_HER2/testB/28M2101987_8_16.jpg,/trinity/home/m.romanov/benchmarking/datasets/MIST_HER2/testA/28M2101987_8_16.jpg,0.614605262875557
2M2103108,2M2103108_13_15,0,0,1,/trinity/home/m.romanov/benchmarking/datasets/MIST_HER2/testB/2M2103108_13_15.jpg,/trinity/home/m.romanov/benchmarking/datasets/MIST_HER2/testA/2M2103108_13_15.jpg,0.5769506990909576
2M2103108,2M2103108_31_18,0,0,1,/trinity/home/m.romanov/benchmarking/datasets/MIST_HER2/testB/2M2103108_31_18.jpg,/trinity/home/m.romanov/benchmarking/datasets/MIST_HER2/testA/2M2103108_31_18.jpg,0.6040260791778564
2M2103108,2M2103108_6_14,0,0,1,/trinity/home/m.romanov/benchmarking/datasets/MIST_HER2/testB/2M2103108_6_14.jpg,/trinity/home/m.romanov/benchmarking/datasets/MIST_HER2/testA/2M2103108_6_14.jpg,0.582916870713234
31M2101871,31M2101871_17_22,0,0,1,/trinity/home/m.romanov/benchmarking/datasets/MIST_HER2/testB/31M2101871_17_22.jpg,/trinity/home/m.romanov/benchmarking/datasets/MIST_HER2/testA/31M2101871_17_22.jpg,0.6087686270475388
31M2101871,31M2101871_33_9,0,0,1,/trinity/home/m.romanov/benchmarking/datasets/MIST_HER2/testB/31M2101871_33_9.jpg,/trinity/home/m.romanov/benchmarking/datasets/MIST_HER2/testA/31M2101871_33_9.jpg,0.571525439620018
31M2101871,31M2101871_35_16,0,0,1,/trinity/home/m.romanov/benchmarking/datasets/MIST_HER2/testB/31M2101871_35_16.jpg,/trinity/home/m.romanov/benchmarking/datasets/MIST_HER2/testA/31M2101871_35_16.jpg,0.5799949914216995
31M2101871,31M2101871_38_15,0,0,1,/trinity/home/m.romanov/benchmarking/datasets/MIST_HER2/testB/31M2101871_38_15.jpg,/trinity/home/m.romanov/benchmarking/datasets/MIST_HER2/testA/31M2101871_38_15.jpg,0.5768014639616013
31M2101871,31M2101871_5_19,0,0,1,/trinity/home/m.romanov/benchmarking/datasets/MIST_HER2/testB/31M2101871_5_19.jpg,/trinity/home/m.romanov/benchmarking/datasets/MIST_HER2/testA/31M2101871_5_19.jpg,0.58554907143116
31M2101871,31M2101871_6_17,0,0,1,/trinity/home/m.romanov/benchmarking/datasets/MIST_HER2/testB/31M2101871_6_17.jpg,/trinity/home/m.romanov/benchmarking/datasets/MIST_HER2/testA/31M2101871_6_17.jpg,0.5978299975395203
31M2101871,31M2101871_8_17,0,0,1,/trinity/home/m.romanov/benchmarking/datasets/MIST_HER2/testB/31M2101871_8_17.jpg,/trinity/home/m.romanov/benchmarking/datasets/MIST_HER2/testA/31M2101871_8_17.jpg,0.5751582533121109
33M2101839,33M2101839_3_9,0,0,1,/trinity/home/m.romanov/benchmarking/datasets/MIST_HER2/testB/33M2101839_3_9.jpg,/trinity/home/m.romanov/benchmarking/datasets/MIST_HER2/testA/33M2101839_3_9.jpg,0.5680008083581924
39M2101576,39M2101576_20_12,0,0,1,/trinity/home/m.romanov/benchmarking/datasets/MIST_HER2/testB/39M2101576_20_12.jpg,/trinity/home/m.romanov/benchmarking/datasets/MIST_HER2/testA/39M2101576_20_12.jpg,0.5576050132513046
39M2101576,39M2101576_20_3,0,0,1,/trinity/home/m.romanov/benchmarking/datasets/MIST_HER2/testB/39M2101576_20_3.jpg,/trinity/home/m.romanov/benchmarking/datasets/MIST_HER2/testA/39M2101576_20_3.jpg,0.5762219130992889
39M2101576,39M2101576_22_17,0,0,1,/trinity/home/m.romanov/benchmarking/datasets/MIST_HER2/testB/39M2101576_22_17.jpg,/trinity/home/m.romanov/benchmarking/datasets/MIST_HER2/testA/39M2101576_22_17.jpg,0.5825430303812027
39M2101576,39M2101576_8_27,0,0,1,/trinity/home/m.romanov/benchmarking/datasets/MIST_HER2/testB/39M2101576_8_27.jpg,/trinity/home/m.romanov/benchmarking/datasets/MIST_HER2/testA/39M2101576_8_27.jpg,0.5667346864938736
40M2101566,40M2101566_16_27,0,0,1,/trinity/home/m.romanov/benchmarking/datasets/MIST_HER2/testB/40M2101566_16_27.jpg,/trinity/home/m.romanov/benchmarking/datasets/MIST_HER2/testA/40M2101566_16_27.jpg,0.5888877958059311
40M2101566,40M2101566_26_26,0,0,1,/trinity/home/m.romanov/benchmarking/datasets/MIST_HER2/testB/40M2101566_26_26.jpg,/trinity/home/m.romanov/benchmarking/datasets/MIST_HER2/testA/40M2101566_26_26.jpg,0.5894405543804169
40M2101566,40M2101566_34_26,0,0,1,/trinity/home/m.romanov/benchmarking/datasets/MIST_HER2/testB/40M2101566_34_26.jpg,/trinity/home/m.romanov/benchmarking/datasets/MIST_HER2/testA/40M2101566_34_26.jpg,0.6163420081138611
40M2101566,40M2101566_35_16,0,0,1,/trinity/home/m.romanov/benchmarking/datasets/MIST_HER2/testB/40M2101566_35_16.jpg,/trinity/home/m.romanov/benchmarking/datasets/MIST_HER2/testA/40M2101566_35_16.jpg,0.6047707051038742
40M2101566,40M2101566_35_37,0,0,1,/trinity/home/m.romanov/benchmarking/datasets/MIST_HER2/testB/40M2101566_35_37.jpg,/trinity/home/m.romanov/benchmarking/datasets/MIST_HER2/testA/40M2101566_35_37.jpg,0.6335165649652481
40M2101566,40M2101566_40_33,0,0,1,/trinity/home/m.romanov/benchmarking/datasets/MIST_HER2/testB/40M2101566_40_33.jpg,/trinity/home/m.romanov/benchmarking/datasets/MIST_HER2/testA/40M2101566_40_33.jpg,0.5879750549793243
40M2101566,40M2101566_41_31,0,0,1,/trinity/home/m.romanov/benchmarking/datasets/MIST_HER2/testB/40M2101566_41_31.jpg,/trinity/home/m.romanov/benchmarking/datasets/MIST_HER2/testA/40M2101566_41_31.jpg,0.6052010208368301
45M2101377,45M2101377_18_20,0,0,1,/trinity/home/m.romanov/benchmarking/datasets/MIST_HER2/testB/45M2101377_18_20.jpg,/trinity/home/m.romanov/benchmarking/datasets/MIST_HER2/testA/45M2101377_18_20.jpg,0.5403001755475998
48M2101314,48M2101314_13_27,0,0,1,/trinity/home/m.romanov/benchmarking/datasets/MIST_HER2/testB/48M2101314_13_27.jpg,/trinity/home/m.romanov/benchmarking/datasets/MIST_HER2/testA/48M2101314_13_27.jpg,0.605859711766243
48M2101314,48M2101314_2_17,0,0,1,/trinity/home/m.romanov/benchmarking/datasets/MIST_HER2/testB/48M2101314_2_17.jpg,/trinity/home/m.romanov/benchmarking/datasets/MIST_HER2/testA/48M2101314_2_17.jpg,0.6228823214769363
48M2101314,48M2101314_4_7,0,0,1,/trinity/home/m.romanov/benchmarking/datasets/MIST_HER2/testB/48M2101314_4_7.jpg,/trinity/home/m.romanov/benchmarking/datasets/MIST_HER2/testA/48M2101314_4_7.jpg,0.6223815977573395
48M2101314,48M2101314_8_30,0,0,1,/trinity/home/m.romanov/benchmarking/datasets/MIST_HER2/testB/48M2101314_8_30.jpg,/trinity/home/m.romanov/benchmarking/datasets/MIST_HER2/testA/48M2101314_8_30.jpg,0.5959442555904388
48M2101314,48M2101314_9_28,0,0,1,/trinity/home/m.romanov/benchmarking/datasets/MIST_HER2/testB/48M2101314_9_28.jpg,/trinity/home/m.romanov/benchmarking/datasets/MIST_HER2/testA/48M2101314_9_28.jpg,0.6314562112092972
4M2103059,4M2103059_16_12,0,0,1,/trinity/home/m.romanov/benchmarking/datasets/MIST_HER2/testB/4M2103059_16_12.jpg,/trinity/home/m.romanov/benchmarking/datasets/MIST_HER2/testA/4M2103059_16_12.jpg,0.5589977651834488
50M2101298,50M2101298_25_5,0,0,1,/trinity/home/m.romanov/benchmarking/datasets/MIST_HER2/testB/50M2101298_25_5.jpg,/trinity/home/m.romanov/benchmarking/datasets/MIST_HER2/testA/50M2101298_25_5.jpg,0.5669408142566681
51M2101285,51M2101285_22_14,0,0,1,/trinity/home/m.romanov/benchmarking/datasets/MIST_HER2/testB/51M2101285_22_14.jpg,/trinity/home/m.romanov/benchmarking/datasets/MIST_HER2/testA/51M2101285_22_14.jpg,0.5712461918592453
56M2101083,56M2101083_15_6,0,0,1,/trinity/home/m.romanov/benchmarking/datasets/MIST_HER2/testB/56M2101083_15_6.jpg,/trinity/home/m.romanov/benchmarking/datasets/MIST_HER2/testA/56M2101083_15_6.jpg,0.6605739742517471
57M2101034,57M2101034_12_17,0,0,1,/trinity/home/m.romanov/benchmarking/datasets/MIST_HER2/testB/57M2101034_12_17.jpg,/trinity/home/m.romanov/benchmarking/datasets/MIST_HER2/testA/57M2101034_12_17.jpg,0.6177469938993454
57M2101034,57M2101034_12_7,0,0,1,/trinity/home/m.romanov/benchmarking/datasets/MIST_HER2/testB/57M2101034_12_7.jpg,/trinity/home/m.romanov/benchmarking/datasets/MIST_HER2/testA/57M2101034_12_7.jpg,0.6201629191637039
57M2101034,57M2101034_15_3,0,0,1,/trinity/home/m.romanov/benchmarking/datasets/MIST_HER2/testB/57M2101034_15_3.jpg,/trinity/home/m.romanov/benchmarking/datasets/MIST_HER2/testA/57M2101034_15_3.jpg,0.6305306255817413
57M2101034,57M2101034_16_24,0,0,1,/trinity/home/m.romanov/benchmarking/datasets/MIST_HER2/testB/57M2101034_16_24.jpg,/trinity/home/m.romanov/benchmarking/datasets/MIST_HER2/testA/57M2101034_16_24.jpg,0.6300017982721329
57M2101034,57M2101034_16_4,0,0,1,/trinity/home/m.romanov/benchmarking/datasets/MIST_HER2/testB/57M2101034_16_4.jpg,/trinity/home/m.romanov/benchmarking/datasets/MIST_HER2/testA/57M2101034_16_4.jpg,0.6030291169881821
57M2101034,57M2101034_17_23,0,0,1,/trinity/home/m.romanov/benchmarking/datasets/MIST_HER2/testB/57M2101034_17_23.jpg,/trinity/home/m.romanov/benchmarking/datasets/MIST_HER2/testA/57M2101034_17_23.jpg,0.6013047397136688
57M2101034,57M2101034_19_20,0,0,1,/trinity/home/m.romanov/benchmarking/datasets/MIST_HER2/testB/57M2101034_19_20.jpg,/trinity/home/m.romanov/benchmarking/datasets/MIST_HER2/testA/57M2101034_19_20.jpg,0.6203349828720093
57M2101034,57M2101034_21_14,0,0,1,/trinity/home/m.romanov/benchmarking/datasets/MIST_HER2/testB/57M2101034_21_14.jpg,/trinity/home/m.romanov/benchmarking/datasets/MIST_HER2/testA/57M2101034_21_14.jpg,0.620664045214653
57M2101034,57M2101034_21_19,0,0,1,/trinity/home/m.romanov/benchmarking/datasets/MIST_HER2/testB/57M2101034_21_19.jpg,/trinity/home/m.romanov/benchmarking/datasets/MIST_HER2/testA/57M2101034_21_19.jpg,0.6272445023059845
57M2101034,57M2101034_30_15,0,0,1,/trinity/home/m.romanov/benchmarking/datasets/MIST_HER2/testB/57M2101034_30_15.jpg,/trinity/home/m.romanov/benchmarking/datasets/MIST_HER2/testA/57M2101034_30_15.jpg,0.6274979710578918
57M2101034,57M2101034_31_28,0,0,1,/trinity/home/m.romanov/benchmarking/datasets/MIST_HER2/testB/57M2101034_31_28.jpg,/trinity/home/m.romanov/benchmarking/datasets/MIST_HER2/testA/57M2101034_31_28.jpg,0.5993343740701675
57M2101034,57M2101034_8_27,0,0,1,/trinity/home/m.romanov/benchmarking/datasets/MIST_HER2/testB/57M2101034_8_27.jpg,/trinity/home/m.romanov/benchmarking/datasets/MIST_HER2/testA/57M2101034_8_27.jpg,0.6659189462661743
60M2100980,60M2100980_37_15,0,0,1,/trinity/home/m.romanov/benchmarking/datasets/MIST_HER2/testB/60M2100980_37_15.jpg,/trinity/home/m.romanov/benchmarking/datasets/MIST_HER2/testA/60M2100980_37_15.jpg,0.6017416566610336
65M2100668,65M2100668_17_23,0,0,1,/trinity/home/m.romanov/benchmarking/datasets/MIST_HER2/testB/65M2100668_17_23.jpg,/trinity/home/m.romanov/benchmarking/datasets/MIST_HER2/testA/65M2100668_17_23.jpg,0.629757821559906
68M2100640,68M2100640_15_8,0,0,1,/trinity/home/m.romanov/benchmarking/datasets/MIST_HER2/testB/68M2100640_15_8.jpg,/trinity/home/m.romanov/benchmarking/datasets/MIST_HER2/testA/68M2100640_15_8.jpg,0.6382996439933777
68M2100640,68M2100640_26_25,0,0,1,/trinity/home/m.romanov/benchmarking/datasets/MIST_HER2/testB/68M2100640_26_25.jpg,/trinity/home/m.romanov/benchmarking/datasets/MIST_HER2/testA/68M2100640_26_25.jpg,0.585902214050293
68M2100640,68M2100640_8_18,0,0,1,/trinity/home/m.romanov/benchmarking/datasets/MIST_HER2/testB/68M2100640_8_18.jpg,/trinity/home/m.romanov/benchmarking/datasets/MIST_HER2/testA/68M2100640_8_18.jpg,0.6544872522354126
69M2100632,69M2100632_29_9,0,0,1,/trinity/home/m.romanov/benchmarking/datasets/MIST_HER2/testB/69M2100632_29_9.jpg,/trinity/home/m.romanov/benchmarking/datasets/MIST_HER2/testA/69M2100632_29_9.jpg,0.5954383611679077
6M2103024,6M2103024_14_15,0,0,1,/trinity/home/m.romanov/benchmarking/datasets/MIST_HER2/testB/6M2103024_14_15.jpg,/trinity/home/m.romanov/benchmarking/datasets/MIST_HER2/testA/6M2103024_14_15.jpg,0.5623362958431244
6M2103024,6M2103024_18_16,0,0,1,/trinity/home/m.romanov/benchmarking/datasets/MIST_HER2/testB/6M2103024_18_16.jpg,/trinity/home/m.romanov/benchmarking/datasets/MIST_HER2/testA/6M2103024_18_16.jpg,0.5810464322566986
6M2103024,6M2103024_22_18,0,0,1,/trinity/home/m.romanov/benchmarking/datasets/MIST_HER2/testB/6M2103024_22_18.jpg,/trinity/home/m.romanov/benchmarking/datasets/MIST_HER2/testA/6M2103024_22_18.jpg,0.6043626964092255
6M2103024,6M2103024_8_22,0,0,1,/trinity/home/m.romanov/benchmarking/datasets/MIST_HER2/testB/6M2103024_8_22.jpg,/trinity/home/m.romanov/benchmarking/datasets/MIST_HER2/testA/6M2103024_8_22.jpg,0.5867858380079269
70M2100623,70M2100623_23_21,0,0,1,/trinity/home/m.romanov/benchmarking/datasets/MIST_HER2/testB/70M2100623_23_21.jpg,/trinity/home/m.romanov/benchmarking/datasets/MIST_HER2/testA/70M2100623_23_21.jpg,0.625555619597435
70M2100623,70M2100623_28_22,0,0,1,/trinity/home/m.romanov/benchmarking/datasets/MIST_HER2/testB/70M2100623_28_22.jpg,/trinity/home/m.romanov/benchmarking/datasets/MIST_HER2/testA/70M2100623_28_22.jpg,0.6266176104545593
70M2100623,70M2100623_35_10,0,0,1,/trinity/home/m.romanov/benchmarking/datasets/MIST_HER2/testB/70M2100623_35_10.jpg,/trinity/home/m.romanov/benchmarking/datasets/MIST_HER2/testA/70M2100623_35_10.jpg,0.6409213542938232
74M2100526,74M2100526_12_14,0,0,1,/trinity/home/m.romanov/benchmarking/datasets/MIST_HER2/testB/74M2100526_12_14.jpg,/trinity/home/m.romanov/benchmarking/datasets/MIST_HER2/testA/74M2100526_12_14.jpg,0.5716678500175476
74M2100526,74M2100526_15_29,0,0,1,/trinity/home/m.romanov/benchmarking/datasets/MIST_HER2/testB/74M2100526_15_29.jpg,/trinity/home/m.romanov/benchmarking/datasets/MIST_HER2/testA/74M2100526_15_29.jpg,0.5989031791687012
74M2100526,74M2100526_17_28,0,0,1,/trinity/home/m.romanov/benchmarking/datasets/MIST_HER2/testB/74M2100526_17_28.jpg,/trinity/home/m.romanov/benchmarking/datasets/MIST_HER2/testA/74M2100526_17_28.jpg,0.5652760714292526
74M2100526,74M2100526_19_21,0,0,1,/trinity/home/m.romanov/benchmarking/datasets/MIST_HER2/testB/74M2100526_19_21.jpg,/trinity/home/m.romanov/benchmarking/datasets/MIST_HER2/testA/74M2100526_19_21.jpg,0.546284094452858
79M2100417,79M2100417_9_19,0,0,1,/trinity/home/m.romanov/benchmarking/datasets/MIST_HER2/testB/79M2100417_9_19.jpg,/trinity/home/m.romanov/benchmarking/datasets/MIST_HER2/testA/79M2100417_9_19.jpg,0.6297287940979004
80M2100377,80M2100377_17_18,0,0,1,/trinity/home/m.romanov/benchmarking/datasets/MIST_HER2/testB/80M2100377_17_18.jpg,/trinity/home/m.romanov/benchmarking/datasets/MIST_HER2/testA/80M2100377_17_18.jpg,0.6281963884830475
81M2100356,81M2100356_17_14,0,0,1,/trinity/home/m.romanov/benchmarking/datasets/MIST_HER2/testB/81M2100356_17_14.jpg,/trinity/home/m.romanov/benchmarking/datasets/MIST_HER2/testA/81M2100356_17_14.jpg,0.6165595799684525
81M2100356,81M2100356_20_29,0,0,1,/trinity/home/m.romanov/benchmarking/datasets/MIST_HER2/testB/81M2100356_20_29.jpg,/trinity/home/m.romanov/benchmarking/datasets/MIST_HER2/testA/81M2100356_20_29.jpg,0.6092917621135712
81M2100356,81M2100356_24_34,0,0,1,/trinity/home/m.romanov/benchmarking/datasets/MIST_HER2/testB/81M2100356_24_34.jpg,/trinity/home/m.romanov/benchmarking/datasets/MIST_HER2/testA/81M2100356_24_34.jpg,0.6471450179815292
83M2100256,83M2100256_3_19,0,0,1,/trinity/home/m.romanov/benchmarking/datasets/MIST_HER2/testB/83M2100256_3_19.jpg,/trinity/home/m.romanov/benchmarking/datasets/MIST_HER2/testA/83M2100256_3_19.jpg,0.5675283968448639
88M2100218,88M2100218_10_29,0,0,1,/trinity/home/m.romanov/benchmarking/datasets/MIST_HER2/testB/88M2100218_10_29.jpg,/trinity/home/m.romanov/benchmarking/datasets/MIST_HER2/testA/88M2100218_10_29.jpg,0.649259626865387
88M2100218,88M2100218_11_14,0,0,1,/trinity/home/m.romanov/benchmarking/datasets/MIST_HER2/testB/88M2100218_11_14.jpg,/trinity/home/m.romanov/benchmarking/datasets/MIST_HER2/testA/88M2100218_11_14.jpg,0.6173003166913986
88M2100218,88M2100218_17_5,0,0,1,/trinity/home/m.romanov/benchmarking/datasets/MIST_HER2/testB/88M2100218_17_5.jpg,/trinity/home/m.romanov/benchmarking/datasets/MIST_HER2/testA/88M2100218_17_5.jpg,0.638066977262497
88M2100218,88M2100218_23_8,0,0,1,/trinity/home/m.romanov/benchmarking/datasets/MIST_HER2/testB/88M2100218_23_8.jpg,/trinity/home/m.romanov/benchmarking/datasets/MIST_HER2/testA/88M2100218_23_8.jpg,0.6566618978977203
88M2100218,88M2100218_26_16,0,0,1,/trinity/home/m.romanov/benchmarking/datasets/MIST_HER2/testB/88M2100218_26_16.jpg,/trinity/home/m.romanov/benchmarking/datasets/MIST_HER2/testA/88M2100218_26_16.jpg,0.6503406763076782
88M2100218,88M2100218_27_7,0,0,1,/trinity/home/m.romanov/benchmarking/datasets/MIST_HER2/testB/88M2100218_27_7.jpg,/trinity/home/m.romanov/benchmarking/datasets/MIST_HER2/testA/88M2100218_27_7.jpg,0.6421076059341431
88M2100218,88M2100218_31_20,0,0,1,/trinity/home/m.romanov/benchmarking/datasets/MIST_HER2/testB/88M2100218_31_20.jpg,/trinity/home/m.romanov/benchmarking/datasets/MIST_HER2/testA/88M2100218_31_20.jpg,0.678528293967247
89M2100212,89M2100212_10_18,0,0,1,/trinity/home/m.romanov/benchmarking/datasets/MIST_HER2/testB/89M2100212_10_18.jpg,/trinity/home/m.romanov/benchmarking/datasets/MIST_HER2/testA/89M2100212_10_18.jpg,0.5961736589670181
89M2100212,89M2100212_26_23,0,0,1,/trinity/home/m.romanov/benchmarking/datasets/MIST_HER2/testB/89M2100212_26_23.jpg,/trinity/home/m.romanov/benchmarking/datasets/MIST_HER2/testA/89M2100212_26_23.jpg,0.5953338593244553
89M2100212,89M2100212_3_20,0,0,1,/trinity/home/m.romanov/benchmarking/datasets/MIST_HER2/testB/89M2100212_3_20.jpg,/trinity/home/m.romanov/benchmarking/datasets/MIST_HER2/testA/89M2100212_3_20.jpg,0.5341019928455353
89M2100212,89M2100212_5_11,0,0,1,/trinity/home/m.romanov/benchmarking/datasets/MIST_HER2/testB/89M2100212_5_11.jpg,/trinity/home/m.romanov/benchmarking/datasets/MIST_HER2/testA/89M2100212_5_11.jpg,0.5674760639667511
89M2100212,89M2100212_5_16,0,0,1,/trinity/home/m.romanov/benchmarking/datasets/MIST_HER2/testB/89M2100212_5_16.jpg,/trinity/home/m.romanov/benchmarking/datasets/MIST_HER2/testA/89M2100212_5_16.jpg,0.6050706803798676
89M2100212,89M2100212_5_21,0,0,1,/trinity/home/m.romanov/benchmarking/datasets/MIST_HER2/testB/89M2100212_5_21.jpg,/trinity/home/m.romanov/benchmarking/datasets/MIST_HER2/testA/89M2100212_5_21.jpg,0.5919719636440277
89M2100212,89M2100212_9_17,0,0,1,/trinity/home/m.romanov/benchmarking/datasets/MIST_HER2/testB/89M2100212_9_17.jpg,/trinity/home/m.romanov/benchmarking/datasets/MIST_HER2/testA/89M2100212_9_17.jpg,0.5941957980394363
89M2100212,89M2100212_9_22,0,0,1,/trinity/home/m.romanov/benchmarking/datasets/MIST_HER2/testB/89M2100212_9_22.jpg,/trinity/home/m.romanov/benchmarking/datasets/MIST_HER2/testA/89M2100212_9_22.jpg,0.6225653737783432
92M2100150,92M2100150_13_16,0,0,1,/trinity/home/m.romanov/benchmarking/datasets/MIST_HER2/testB/92M2100150_13_16.jpg,/trinity/home/m.romanov/benchmarking/datasets/MIST_HER2/testA/92M2100150_13_16.jpg,0.5795755237340927
92M2100150,92M2100150_13_8,0,0,1,/trinity/home/m.romanov/benchmarking/datasets/MIST_HER2/testB/92M2100150_13_8.jpg,/trinity/home/m.romanov/benchmarking/datasets/MIST_HER2/testA/92M2100150_13_8.jpg,0.5714935213327408
92M2100150,92M2100150_18_30,0,0,1,/trinity/home/m.romanov/benchmarking/datasets/MIST_HER2/testB/92M2100150_18_30.jpg,/trinity/home/m.romanov/benchmarking/datasets/MIST_HER2/testA/92M2100150_18_30.jpg,0.5674399584531784
92M2100150,92M2100150_20_18,0,0,1,/trinity/home/m.romanov/benchmarking/datasets/MIST_HER2/testB/92M2100150_20_18.jpg,/trinity/home/m.romanov/benchmarking/datasets/MIST_HER2/testA/92M2100150_20_18.jpg,0.560047447681427
92M2100150,92M2100150_20_29,0,0,1,/trinity/home/m.romanov/benchmarking/datasets/MIST_HER2/testB/92M2100150_20_29.jpg,/trinity/home/m.romanov/benchmarking/datasets/MIST_HER2/testA/92M2100150_20_29.jpg,0.5985519140958786
93M2100147,93M2100147_13_10,0,0,1,/trinity/home/m.romanov/benchmarking/datasets/MIST_HER2/testB/93M2100147_13_10.jpg,/trinity/home/m.romanov/benchmarking/datasets/MIST_HER2/testA/93M2100147_13_10.jpg,0.6978432983160019
93M2100147,93M2100147_13_22,0,0,1,/trinity/home/m.romanov/benchmarking/datasets/MIST_HER2/testB/93M2100147_13_22.jpg,/trinity/home/m.romanov/benchmarking/datasets/MIST_HER2/testA/93M2100147_13_22.jpg,0.6258939653635025
97M2100034,97M2100034_14_19,0,0,1,/trinity/home/m.romanov/benchmarking/datasets/MIST_HER2/testB/97M2100034_14_19.jpg,/trinity/home/m.romanov/benchmarking/datasets/MIST_HER2/testA/97M2100034_14_19.jpg,0.5734963417053223
98M2004096,98M2004096_12_13,0,0,1,/trinity/home/m.romanov/benchmarking/datasets/MIST_HER2/testB/98M2004096_12_13.jpg,/trinity/home/m.romanov/benchmarking/datasets/MIST_HER2/testA/98M2004096_12_13.jpg,0.641555055975914
98M2004096,98M2004096_8_16,0,0,1,/trinity/home/m.romanov/benchmarking/datasets/MIST_HER2/testB/98M2004096_8_16.jpg,/trinity/home/m.romanov/benchmarking/datasets/MIST_HER2/testA/98M2004096_8_16.jpg,0.6689456850290298
100M2004069,100M2004069_25_16,0,0,2,/trinity/home/m.romanov/benchmarking/datasets/MIST_HER2/testB/100M2004069_25_16.jpg,/trinity/home/m.romanov/benchmarking/datasets/MIST_HER2/testA/100M2004069_25_16.jpg,0.5648090839385986
10M2102916,10M2102916_23_30,0,0,2,/trinity/home/m.romanov/benchmarking/datasets/MIST_HER2/testB/10M2102916_23_30.jpg,/trinity/home/m.romanov/benchmarking/datasets/MIST_HER2/testA/10M2102916_23_30.jpg,0.6305037289857864
10M2102916,10M2102916_30_7,0,0,2,/trinity/home/m.romanov/benchmarking/datasets/MIST_HER2/testB/10M2102916_30_7.jpg,/trinity/home/m.romanov/benchmarking/datasets/MIST_HER2/testA/10M2102916_30_7.jpg,0.6197931170463562
10M2102916,10M2102916_36_28,0,0,2,/trinity/home/m.romanov/benchmarking/datasets/MIST_HER2/testB/10M2102916_36_28.jpg,/trinity/home/m.romanov/benchmarking/datasets/MIST_HER2/testA/10M2102916_36_28.jpg,0.6128364503383636
10M2102916,10M2102916_38_17,0,0,2,/trinity/home/m.romanov/benchmarking/datasets/MIST_HER2/testB/10M2102916_38_17.jpg,/trinity/home/m.romanov/benchmarking/datasets/MIST_HER2/testA/10M2102916_38_17.jpg,0.7213601171970367
14M2102785,14M2102785_23_18,0,0,2,/trinity/home/m.romanov/benchmarking/datasets/MIST_HER2/testB/14M2102785_23_18.jpg,/trinity/home/m.romanov/benchmarking/datasets/MIST_HER2/testA/14M2102785_23_18.jpg,0.5877052843570709
14M2102785,14M2102785_24_13,0,0,2,/trinity/home/m.romanov/benchmarking/datasets/MIST_HER2/testB/14M2102785_24_13.jpg,/trinity/home/m.romanov/benchmarking/datasets/MIST_HER2/testA/14M2102785_24_13.jpg,0.6279035657644272
15M2102762,15M2102762_23_10,0,0,2,/trinity/home/m.romanov/benchmarking/datasets/MIST_HER2/testB/15M2102762_23_10.jpg,/trinity/home/m.romanov/benchmarking/datasets/MIST_HER2/testA/15M2102762_23_10.jpg,0.5746856927871704
16M2102718,16M2102718_13_26,0,0,2,/trinity/home/m.romanov/benchmarking/datasets/MIST_HER2/testB/16M2102718_13_26.jpg,/trinity/home/m.romanov/benchmarking/datasets/MIST_HER2/testA/16M2102718_13_26.jpg,0.5791302025318146
16M2102718,16M2102718_18_30,0,0,2,/trinity/home/m.romanov/benchmarking/datasets/MIST_HER2/testB/16M2102718_18_30.jpg,/trinity/home/m.romanov/benchmarking/datasets/MIST_HER2/testA/16M2102718_18_30.jpg,0.6435646712779999
16M2102718,16M2102718_23_10,0,0,2,/trinity/home/m.romanov/benchmarking/datasets/MIST_HER2/testB/16M2102718_23_10.jpg,/trinity/home/m.romanov/benchmarking/datasets/MIST_HER2/testA/16M2102718_23_10.jpg,0.6490065008401871
19M2102438,19M2102438_14_22,0,0,2,/trinity/home/m.romanov/benchmarking/datasets/MIST_HER2/testB/19M2102438_14_22.jpg,/trinity/home/m.romanov/benchmarking/datasets/MIST_HER2/testA/19M2102438_14_22.jpg,0.6930822879076004
19M2102438,19M2102438_15_18,0,0,2,/trinity/home/m.romanov/benchmarking/datasets/MIST_HER2/testB/19M2102438_15_18.jpg,/trinity/home/m.romanov/benchmarking/datasets/MIST_HER2/testA/19M2102438_15_18.jpg,0.7195862084627151
19M2102438,19M2102438_31_16,0,0,2,/trinity/home/m.romanov/benchmarking/datasets/MIST_HER2/testB/19M2102438_31_16.jpg,/trinity/home/m.romanov/benchmarking/datasets/MIST_HER2/testA/19M2102438_31_16.jpg,0.7099912613630295
22M2102266,22M2102266_10_18,0,0,2,/trinity/home/m.romanov/benchmarking/datasets/MIST_HER2/testB/22M2102266_10_18.jpg,/trinity/home/m.romanov/benchmarking/datasets/MIST_HER2/testA/22M2102266_10_18.jpg,0.6501208543777466
22M2102266,22M2102266_12_16,0,0,2,/trinity/home/m.romanov/benchmarking/datasets/MIST_HER2/testB/22M2102266_12_16.jpg,/trinity/home/m.romanov/benchmarking/datasets/MIST_HER2/testA/22M2102266_12_16.jpg,0.6099223345518112
22M2102266,22M2102266_16_23,0,0,2,/trinity/home/m.romanov/benchmarking/datasets/MIST_HER2/testB/22M2102266_16_23.jpg,/trinity/home/m.romanov/benchmarking/datasets/MIST_HER2/testA/22M2102266_16_23.jpg,0.5811163634061813
22M2102266,22M2102266_19_18,0,0,2,/trinity/home/m.romanov/benchmarking/datasets/MIST_HER2/testB/22M2102266_19_18.jpg,/trinity/home/m.romanov/benchmarking/datasets/MIST_HER2/testA/22M2102266_19_18.jpg,0.6005630791187286
22M2102266,22M2102266_21_19,0,0,2,/trinity/home/m.romanov/benchmarking/datasets/MIST_HER2/testB/22M2102266_21_19.jpg,/trinity/home/m.romanov/benchmarking/datasets/MIST_HER2/testA/22M2102266_21_19.jpg,0.6107222139835358
23M2102136,23M2102136_12_21,0,0,2,/trinity/home/m.romanov/benchmarking/datasets/MIST_HER2/testB/23M2102136_12_21.jpg,/trinity/home/m.romanov/benchmarking/datasets/MIST_HER2/testA/23M2102136_12_21.jpg,0.5636907815933228
23M2102136,23M2102136_37_15,0,0,2,/trinity/home/m.romanov/benchmarking/datasets/MIST_HER2/testB/23M2102136_37_15.jpg,/trinity/home/m.romanov/benchmarking/datasets/MIST_HER2/testA/23M2102136_37_15.jpg,0.5798089355230331
27M2102007,27M2102007_10_16,0,0,2,/trinity/home/m.romanov/benchmarking/datasets/MIST_HER2/testB/27M2102007_10_16.jpg,/trinity/home/m.romanov/benchmarking/datasets/MIST_HER2/testA/27M2102007_10_16.jpg,0.6313648819923401
27M2102007,27M2102007_12_30,0,0,2,/trinity/home/m.romanov/benchmarking/datasets/MIST_HER2/testB/27M2102007_12_30.jpg,/trinity/home/m.romanov/benchmarking/datasets/MIST_HER2/testA/27M2102007_12_30.jpg,0.6428674012422562
27M2102007,27M2102007_9_32,0,0,2,/trinity/home/m.romanov/benchmarking/datasets/MIST_HER2/testB/27M2102007_9_32.jpg,/trinity/home/m.romanov/benchmarking/datasets/MIST_HER2/testA/27M2102007_9_32.jpg,0.6318660229444504
28M2101987,28M2101987_12_31,0,0,2,/trinity/home/m.romanov/benchmarking/datasets/MIST_HER2/testB/28M2101987_12_31.jpg,/trinity/home/m.romanov/benchmarking/datasets/MIST_HER2/testA/28M2101987_12_31.jpg,0.6346805840730667
28M2101987,28M2101987_18_11,0,0,2,/trinity/home/m.romanov/benchmarking/datasets/MIST_HER2/testB/28M2101987_18_11.jpg,/trinity/home/m.romanov/benchmarking/datasets/MIST_HER2/testA/28M2101987_18_11.jpg,0.6307131052017212
28M2101987,28M2101987_23_25,0,0,2,/trinity/home/m.romanov/benchmarking/datasets/MIST_HER2/testB/28M2101987_23_25.jpg,/trinity/home/m.romanov/benchmarking/datasets/MIST_HER2/testA/28M2101987_23_25.jpg,0.6310965269804001
28M2101987,28M2101987_6_18,0,0,2,/trinity/home/m.romanov/benchmarking/datasets/MIST_HER2/testB/28M2101987_6_18.jpg,/trinity/home/m.romanov/benchmarking/datasets/MIST_HER2/testA/28M2101987_6_18.jpg,0.598594531416893
30M2101953,30M2101953_12_18,0,0,2,/trinity/home/m.romanov/benchmarking/datasets/MIST_HER2/testB/30M2101953_12_18.jpg,/trinity/home/m.romanov/benchmarking/datasets/MIST_HER2/testA/30M2101953_12_18.jpg,0.5740789622068405
30M2101953,30M2101953_16_19,0,0,2,/trinity/home/m.romanov/benchmarking/datasets/MIST_HER2/testB/30M2101953_16_19.jpg,/trinity/home/m.romanov/benchmarking/datasets/MIST_HER2/testA/30M2101953_16_19.jpg,0.59035924077034
30M2101953,30M2101953_8_8,0,0,2,/trinity/home/m.romanov/benchmarking/datasets/MIST_HER2/testB/30M2101953_8_8.jpg,/trinity/home/m.romanov/benchmarking/datasets/MIST_HER2/testA/30M2101953_8_8.jpg,0.6264071613550186
31M2101871,31M2101871_10_21,0,0,2,/trinity/home/m.romanov/benchmarking/datasets/MIST_HER2/testB/31M2101871_10_21.jpg,/trinity/home/m.romanov/benchmarking/datasets/MIST_HER2/testA/31M2101871_10_21.jpg,0.5516679435968399
31M2101871,31M2101871_12_15,0,0,2,/trinity/home/m.romanov/benchmarking/datasets/MIST_HER2/testB/31M2101871_12_15.jpg,/trinity/home/m.romanov/benchmarking/datasets/MIST_HER2/testA/31M2101871_12_15.jpg,0.6064692586660385
31M2101871,31M2101871_29_14,0,0,2,/trinity/home/m.romanov/benchmarking/datasets/MIST_HER2/testB/31M2101871_29_14.jpg,/trinity/home/m.romanov/benchmarking/datasets/MIST_HER2/testA/31M2101871_29_14.jpg,0.5937100797891617
31M2101871,31M2101871_32_7,0,0,2,/trinity/home/m.romanov/benchmarking/datasets/MIST_HER2/testB/31M2101871_32_7.jpg,/trinity/home/m.romanov/benchmarking/datasets/MIST_HER2/testA/31M2101871_32_7.jpg,0.5409931689500809
31M2101871,31M2101871_37_19,0,0,2,/trinity/home/m.romanov/benchmarking/datasets/MIST_HER2/testB/31M2101871_37_19.jpg,/trinity/home/m.romanov/benchmarking/datasets/MIST_HER2/testA/31M2101871_37_19.jpg,0.5758819133043289
31M2101871,31M2101871_38_13,0,0,2,/trinity/home/m.romanov/benchmarking/datasets/MIST_HER2/testB/31M2101871_38_13.jpg,/trinity/home/m.romanov/benchmarking/datasets/MIST_HER2/testA/31M2101871_38_13.jpg,0.6034883111715317
31M2101871,31M2101871_6_23,0,0,2,/trinity/home/m.romanov/benchmarking/datasets/MIST_HER2/testB/31M2101871_6_23.jpg,/trinity/home/m.romanov/benchmarking/datasets/MIST_HER2/testA/31M2101871_6_23.jpg,0.5271655172109604
33M2101839,33M2101839_12_6,0,0,2,/trinity/home/m.romanov/benchmarking/datasets/MIST_HER2/testB/33M2101839_12_6.jpg,/trinity/home/m.romanov/benchmarking/datasets/MIST_HER2/testA/33M2101839_12_6.jpg,0.690437912940979
33M2101839,33M2101839_13_14,0,0,2,/trinity/home/m.romanov/benchmarking/datasets/MIST_HER2/testB/33M2101839_13_14.jpg,/trinity/home/m.romanov/benchmarking/datasets/MIST_HER2/testA/33M2101839_13_14.jpg,0.6207428872585297
33M2101839,33M2101839_15_9,0,0,2,/trinity/home/m.romanov/benchmarking/datasets/MIST_HER2/testB/33M2101839_15_9.jpg,/trinity/home/m.romanov/benchmarking/datasets/MIST_HER2/testA/33M2101839_15_9.jpg,0.6534409075975418
35M2101733,35M2101733_9_3,0,0,2,/trinity/home/m.romanov/benchmarking/datasets/MIST_HER2/testB/35M2101733_9_3.jpg,/trinity/home/m.romanov/benchmarking/datasets/MIST_HER2/testA/35M2101733_9_3.jpg,0.5654562413692474
35M2101733,35M2101733_9_6,0,0,2,/trinity/home/m.romanov/benchmarking/datasets/MIST_HER2/testB/35M2101733_9_6.jpg,/trinity/home/m.romanov/benchmarking/datasets/MIST_HER2/testA/35M2101733_9_6.jpg,0.5941627323627472
44M2101492,44M2101492_12_17,0,0,2,/trinity/home/m.romanov/benchmarking/datasets/MIST_HER2/testB/44M2101492_12_17.jpg,/trinity/home/m.romanov/benchmarking/datasets/MIST_HER2/testA/44M2101492_12_17.jpg,0.5495327264070511
44M2101492,44M2101492_13_13,0,0,2,/trinity/home/m.romanov/benchmarking/datasets/MIST_HER2/testB/44M2101492_13_13.jpg,/trinity/home/m.romanov/benchmarking/datasets/MIST_HER2/testA/44M2101492_13_13.jpg,0.5358047932386398
44M2101492,44M2101492_18_29,0,0,2,/trinity/home/m.romanov/benchmarking/datasets/MIST_HER2/testB/44M2101492_18_29.jpg,/trinity/home/m.romanov/benchmarking/datasets/MIST_HER2/testA/44M2101492_18_29.jpg,0.5623633712530136
44M2101492,44M2101492_20_31,0,0,2,/trinity/home/m.romanov/benchmarking/datasets/MIST_HER2/testB/44M2101492_20_31.jpg,/trinity/home/m.romanov/benchmarking/datasets/MIST_HER2/testA/44M2101492_20_31.jpg,0.54921755194664
44M2101492,44M2101492_21_26,0,0,2,/trinity/home/m.romanov/benchmarking/datasets/MIST_HER2/testB/44M2101492_21_26.jpg,/trinity/home/m.romanov/benchmarking/datasets/MIST_HER2/testA/44M2101492_21_26.jpg,0.5625731199979782
44M2101492,44M2101492_23_27,0,0,2,/trinity/home/m.romanov/benchmarking/datasets/MIST_HER2/testB/44M2101492_23_27.jpg,/trinity/home/m.romanov/benchmarking/datasets/MIST_HER2/testA/44M2101492_23_27.jpg,0.5367947965860367
44M2101492,44M2101492_28_27,0,0,2,/trinity/home/m.romanov/benchmarking/datasets/MIST_HER2/testB/44M2101492_28_27.jpg,/trinity/home/m.romanov/benchmarking/datasets/MIST_HER2/testA/44M2101492_28_27.jpg,0.5664864629507065
45M2101377,45M2101377_15_18,0,0,2,/trinity/home/m.romanov/benchmarking/datasets/MIST_HER2/testB/45M2101377_15_18.jpg,/trinity/home/m.romanov/benchmarking/datasets/MIST_HER2/testA/45M2101377_15_18.jpg,0.5556453615427017
45M2101377,45M2101377_26_11,0,0,2,/trinity/home/m.romanov/benchmarking/datasets/MIST_HER2/testB/45M2101377_26_11.jpg,/trinity/home/m.romanov/benchmarking/datasets/MIST_HER2/testA/45M2101377_26_11.jpg,0.5664618015289307
46M2101353,46M2101353_30_20,0,0,2,/trinity/home/m.romanov/benchmarking/datasets/MIST_HER2/testB/46M2101353_30_20.jpg,/trinity/home/m.romanov/benchmarking/datasets/MIST_HER2/testA/46M2101353_30_20.jpg,0.6104340553283691
46M2101353,46M2101353_30_22,0,0,2,/trinity/home/m.romanov/benchmarking/datasets/MIST_HER2/testB/46M2101353_30_22.jpg,/trinity/home/m.romanov/benchmarking/datasets/MIST_HER2/testA/46M2101353_30_22.jpg,0.6149333864450455
47M2101316,47M2101316_15_29,0,0,2,/trinity/home/m.romanov/benchmarking/datasets/MIST_HER2/testB/47M2101316_15_29.jpg,/trinity/home/m.romanov/benchmarking/datasets/MIST_HER2/testA/47M2101316_15_29.jpg,0.5734797120094299
47M2101316,47M2101316_7_22,0,0,2,/trinity/home/m.romanov/benchmarking/datasets/MIST_HER2/testB/47M2101316_7_22.jpg,/trinity/home/m.romanov/benchmarking/datasets/MIST_HER2/testA/47M2101316_7_22.jpg,0.5741736441850662
48M2101314,48M2101314_23_34,0,0,2,/trinity/home/m.romanov/benchmarking/datasets/MIST_HER2/testB/48M2101314_23_34.jpg,/trinity/home/m.romanov/benchmarking/datasets/MIST_HER2/testA/48M2101314_23_34.jpg,0.619015172123909
48M2101314,48M2101314_33_37,0,0,2,/trinity/home/m.romanov/benchmarking/datasets/MIST_HER2/testB/48M2101314_33_37.jpg,/trinity/home/m.romanov/benchmarking/datasets/MIST_HER2/testA/48M2101314_33_37.jpg,0.6098979413509369
4M2103059,4M2103059_19_16,0,0,2,/trinity/home/m.romanov/benchmarking/datasets/MIST_HER2/testB/4M2103059_19_16.jpg,/trinity/home/m.romanov/benchmarking/datasets/MIST_HER2/testA/4M2103059_19_16.jpg,0.5733523070812225
4M2103059,4M2103059_23_12,0,0,2,/trinity/home/m.romanov/benchmarking/datasets/MIST_HER2/testB/4M2103059_23_12.jpg,/trinity/home/m.romanov/benchmarking/datasets/MIST_HER2/testA/4M2103059_23_12.jpg,0.584570974111557
4M2103059,4M2103059_24_21,0,0,2,/trinity/home/m.romanov/benchmarking/datasets/MIST_HER2/testB/4M2103059_24_21.jpg,/trinity/home/m.romanov/benchmarking/datasets/MIST_HER2/testA/4M2103059_24_21.jpg,0.6496676802635193
4M2103059,4M2103059_26_9,0,0,2,/trinity/home/m.romanov/benchmarking/datasets/MIST_HER2/testB/4M2103059_26_9.jpg,/trinity/home/m.romanov/benchmarking/datasets/MIST_HER2/testA/4M2103059_26_9.jpg,0.5851732194423676
50M2101298,50M2101298_15_12,0,0,2,/trinity/home/m.romanov/benchmarking/datasets/MIST_HER2/testB/50M2101298_15_12.jpg,/trinity/home/m.romanov/benchmarking/datasets/MIST_HER2/testA/50M2101298_15_12.jpg,0.5425888746976852
50M2101298,50M2101298_8_13,0,0,2,/trinity/home/m.romanov/benchmarking/datasets/MIST_HER2/testB/50M2101298_8_13.jpg,/trinity/home/m.romanov/benchmarking/datasets/MIST_HER2/testA/50M2101298_8_13.jpg,0.524020716547966
50M2101298,50M2101298_9_12,0,0,2,/trinity/home/m.romanov/benchmarking/datasets/MIST_HER2/testB/50M2101298_9_12.jpg,/trinity/home/m.romanov/benchmarking/datasets/MIST_HER2/testA/50M2101298_9_12.jpg,0.5230893194675446
51M2101285,51M2101285_14_10,0,0,2,/trinity/home/m.romanov/benchmarking/datasets/MIST_HER2/testB/51M2101285_14_10.jpg,/trinity/home/m.romanov/benchmarking/datasets/MIST_HER2/testA/51M2101285_14_10.jpg,0.6735730767250061
51M2101285,51M2101285_29_18,0,0,2,/trinity/home/m.romanov/benchmarking/datasets/MIST_HER2/testB/51M2101285_29_18.jpg,/trinity/home/m.romanov/benchmarking/datasets/MIST_HER2/testA/51M2101285_29_18.jpg,0.5887263864278793
52M2101275,52M2101275_13_9,0,0,2,/trinity/home/m.romanov/benchmarking/datasets/MIST_HER2/testB/52M2101275_13_9.jpg,/trinity/home/m.romanov/benchmarking/datasets/MIST_HER2/testA/52M2101275_13_9.jpg,0.64259834587574
53M2101258,53M2101258_30_20,0,0,2,/trinity/home/m.romanov/benchmarking/datasets/MIST_HER2/testB/53M2101258_30_20.jpg,/trinity/home/m.romanov/benchmarking/datasets/MIST_HER2/testA/53M2101258_30_20.jpg,0.5570428967475891
53M2101258,53M2101258_32_19,0,0,2,/trinity/home/m.romanov/benchmarking/datasets/MIST_HER2/testB/53M2101258_32_19.jpg,/trinity/home/m.romanov/benchmarking/datasets/MIST_HER2/testA/53M2101258_32_19.jpg,0.580972746014595
56M2101083,56M2101083_36_26,0,0,2,/trinity/home/m.romanov/benchmarking/datasets/MIST_HER2/testB/56M2101083_36_26.jpg,/trinity/home/m.romanov/benchmarking/datasets/MIST_HER2/testA/56M2101083_36_26.jpg,0.7050535529851913
57M2101034,57M2101034_11_29,0,0,2,/trinity/home/m.romanov/benchmarking/datasets/MIST_HER2/testB/57M2101034_11_29.jpg,/trinity/home/m.romanov/benchmarking/datasets/MIST_HER2/testA/57M2101034_11_29.jpg,0.6422975808382034
57M2101034,57M2101034_3_22,0,0,2,/trinity/home/m.romanov/benchmarking/datasets/MIST_HER2/testB/57M2101034_3_22.jpg,/trinity/home/m.romanov/benchmarking/datasets/MIST_HER2/testA/57M2101034_3_22.jpg,0.6195182651281357
57M2101034,57M2101034_6_21,0,0,2,/trinity/home/m.romanov/benchmarking/datasets/MIST_HER2/testB/57M2101034_6_21.jpg,/trinity/home/m.romanov/benchmarking/datasets/MIST_HER2/testA/57M2101034_6_21.jpg,0.6357546150684357
58M2100997,58M2100997_11_15,0,0,2,/trinity/home/m.romanov/benchmarking/datasets/MIST_HER2/testB/58M2100997_11_15.jpg,/trinity/home/m.romanov/benchmarking/datasets/MIST_HER2/testA/58M2100997_11_15.jpg,0.6491326838731766
60M2100980,60M2100980_18_21,0,0,2,/trinity/home/m.romanov/benchmarking/datasets/MIST_HER2/testB/60M2100980_18_21.jpg,/trinity/home/m.romanov/benchmarking/datasets/MIST_HER2/testA/60M2100980_18_21.jpg,0.6553146988153458
60M2100980,60M2100980_24_13,0,0,2,/trinity/home/m.romanov/benchmarking/datasets/MIST_HER2/testB/60M2100980_24_13.jpg,/trinity/home/m.romanov/benchmarking/datasets/MIST_HER2/testA/60M2100980_24_13.jpg,0.713285282254219
62M2100915,62M2100915_27_18,0,0,2,/trinity/home/m.romanov/benchmarking/datasets/MIST_HER2/testB/62M2100915_27_18.jpg,/trinity/home/m.romanov/benchmarking/datasets/MIST_HER2/testA/62M2100915_27_18.jpg,0.69332654774189
62M2100915,62M2100915_32_19,0,0,2,/trinity/home/m.romanov/benchmarking/datasets/MIST_HER2/testB/62M2100915_32_19.jpg,/trinity/home/m.romanov/benchmarking/datasets/MIST_HER2/testA/62M2100915_32_19.jpg,0.7326776534318924
65M2100668,65M2100668_15_11,0,0,2,/trinity/home/m.romanov/benchmarking/datasets/MIST_HER2/testB/65M2100668_15_11.jpg,/trinity/home/m.romanov/benchmarking/datasets/MIST_HER2/testA/65M2100668_15_11.jpg,0.5976703613996506
65M2100668,65M2100668_21_23,0,0,2,/trinity/home/m.romanov/benchmarking/datasets/MIST_HER2/testB/65M2100668_21_23.jpg,/trinity/home/m.romanov/benchmarking/datasets/MIST_HER2/testA/65M2100668_21_23.jpg,0.6245969831943512
65M2100668,65M2100668_26_9,0,0,2,/trinity/home/m.romanov/benchmarking/datasets/MIST_HER2/testB/65M2100668_26_9.jpg,/trinity/home/m.romanov/benchmarking/datasets/MIST_HER2/testA/65M2100668_26_9.jpg,0.6537818163633347
67M2100642,67M2100642_14_4,0,0,2,/trinity/home/m.romanov/benchmarking/datasets/MIST_HER2/testB/67M2100642_14_4.jpg,/trinity/home/m.romanov/benchmarking/datasets/MIST_HER2/testA/67M2100642_14_4.jpg,0.6535126864910126
67M2100642,67M2100642_23_9,0,0,2,/trinity/home/m.romanov/benchmarking/datasets/MIST_HER2/testB/67M2100642_23_9.jpg,/trinity/home/m.romanov/benchmarking/datasets/MIST_HER2/testA/67M2100642_23_9.jpg,0.6690256744623184
68M2100640,68M2100640_16_16,0,0,2,/trinity/home/m.romanov/benchmarking/datasets/MIST_HER2/testB/68M2100640_16_16.jpg,/trinity/home/m.romanov/benchmarking/datasets/MIST_HER2/testA/68M2100640_16_16.jpg,0.6719750314950943
69M2100632,69M2100632_18_3,0,0,2,/trinity/home/m.romanov/benchmarking/datasets/MIST_HER2/testB/69M2100632_18_3.jpg,/trinity/home/m.romanov/benchmarking/datasets/MIST_HER2/testA/69M2100632_18_3.jpg,0.6232042908668518
69M2100632,69M2100632_19_11,0,0,2,/trinity/home/m.romanov/benchmarking/datasets/MIST_HER2/testB/69M2100632_19_11.jpg,/trinity/home/m.romanov/benchmarking/datasets/MIST_HER2/testA/69M2100632_19_11.jpg,0.5850513875484467
6M2103024,6M2103024_17_17,0,0,2,/trinity/home/m.romanov/benchmarking/datasets/MIST_HER2/testB/6M2103024_17_17.jpg,/trinity/home/m.romanov/benchmarking/datasets/MIST_HER2/testA/6M2103024_17_17.jpg,0.5897752195596695
6M2103024,6M2103024_21_18,0,0,2,/trinity/home/m.romanov/benchmarking/datasets/MIST_HER2/testB/6M2103024_21_18.jpg,/trinity/home/m.romanov/benchmarking/datasets/MIST_HER2/testA/6M2103024_21_18.jpg,0.5906336158514023
6M2103024,6M2103024_5_8,0,0,2,/trinity/home/m.romanov/benchmarking/datasets/MIST_HER2/testB/6M2103024_5_8.jpg,/trinity/home/m.romanov/benchmarking/datasets/MIST_HER2/testA/6M2103024_5_8.jpg,0.5304013788700104
70M2100623,70M2100623_28_24,0,0,2,/trinity/home/m.romanov/benchmarking/datasets/MIST_HER2/testB/70M2100623_28_24.jpg,/trinity/home/m.romanov/benchmarking/datasets/MIST_HER2/testA/70M2100623_28_24.jpg,0.634322464466095
74M2100526,74M2100526_15_6,0,0,2,/trinity/home/m.romanov/benchmarking/datasets/MIST_HER2/testB/74M2100526_15_6.jpg,/trinity/home/m.romanov/benchmarking/datasets/MIST_HER2/testA/74M2100526_15_6.jpg,0.6148568391799927
74M2100526,74M2100526_29_16,0,0,2,/trinity/home/m.romanov/benchmarking/datasets/MIST_HER2/testB/74M2100526_29_16.jpg,/trinity/home/m.romanov/benchmarking/datasets/MIST_HER2/testA/74M2100526_29_16.jpg,0.6607294231653214
75M2100521,75M2100521_10_13,0,0,2,/trinity/home/m.romanov/benchmarking/datasets/MIST_HER2/testB/75M2100521_10_13.jpg,/trinity/home/m.romanov/benchmarking/datasets/MIST_HER2/testA/75M2100521_10_13.jpg,0.6491809487342834
75M2100521,75M2100521_13_11,0,0,2,/trinity/home/m.romanov/benchmarking/datasets/MIST_HER2/testB/75M2100521_13_11.jpg,/trinity/home/m.romanov/benchmarking/datasets/MIST_HER2/testA/75M2100521_13_11.jpg,0.6611799150705338
75M2100521,75M2100521_15_20,0,0,2,/trinity/home/m.romanov/benchmarking/datasets/MIST_HER2/testB/75M2100521_15_20.jpg,/trinity/home/m.romanov/benchmarking/datasets/MIST_HER2/testA/75M2100521_15_20.jpg,0.6722462475299835
75M2100521,75M2100521_26_14,0,0,2,/trinity/home/m.romanov/benchmarking/datasets/MIST_HER2/testB/75M2100521_26_14.jpg,/trinity/home/m.romanov/benchmarking/datasets/MIST_HER2/testA/75M2100521_26_14.jpg,0.6288264244794846
75M2100521,75M2100521_7_17,0,0,2,/trinity/home/m.romanov/benchmarking/datasets/MIST_HER2/testB/75M2100521_7_17.jpg,/trinity/home/m.romanov/benchmarking/datasets/MIST_HER2/testA/75M2100521_7_17.jpg,0.6433129012584686
76M2100485,76M2100485_20_14,0,0,2,/trinity/home/m.romanov/benchmarking/datasets/MIST_HER2/testB/76M2100485_20_14.jpg,/trinity/home/m.romanov/benchmarking/datasets/MIST_HER2/testA/76M2100485_20_14.jpg,0.5959998816251755
76M2100485,76M2100485_25_23,0,0,2,/trinity/home/m.romanov/benchmarking/datasets/MIST_HER2/testB/76M2100485_25_23.jpg,/trinity/home/m.romanov/benchmarking/datasets/MIST_HER2/testA/76M2100485_25_23.jpg,0.5902322381734848
77M2100464,77M2100464_18_20,0,0,2,/trinity/home/m.romanov/benchmarking/datasets/MIST_HER2/testB/77M2100464_18_20.jpg,/trinity/home/m.romanov/benchmarking/datasets/MIST_HER2/testA/77M2100464_18_20.jpg,0.5731838196516037
77M2100464,77M2100464_33_24,0,0,2,/trinity/home/m.romanov/benchmarking/datasets/MIST_HER2/testB/77M2100464_33_24.jpg,/trinity/home/m.romanov/benchmarking/datasets/MIST_HER2/testA/77M2100464_33_24.jpg,0.5688617080450058
79M2100417,79M2100417_12_22,0,0,2,/trinity/home/m.romanov/benchmarking/datasets/MIST_HER2/testB/79M2100417_12_22.jpg,/trinity/home/m.romanov/benchmarking/datasets/MIST_HER2/testA/79M2100417_12_22.jpg,0.6268492192029953
79M2100417,79M2100417_19_15,0,0,2,/trinity/home/m.romanov/benchmarking/datasets/MIST_HER2/testB/79M2100417_19_15.jpg,/trinity/home/m.romanov/benchmarking/datasets/MIST_HER2/testA/79M2100417_19_15.jpg,0.6243087500333786
79M2100417,79M2100417_20_20,0,0,2,/trinity/home/m.romanov/benchmarking/datasets/MIST_HER2/testB/79M2100417_20_20.jpg,/trinity/home/m.romanov/benchmarking/datasets/MIST_HER2/testA/79M2100417_20_20.jpg,0.5997805893421173
80M2100377,80M2100377_17_5,0,0,2,/trinity/home/m.romanov/benchmarking/datasets/MIST_HER2/testB/80M2100377_17_5.jpg,/trinity/home/m.romanov/benchmarking/datasets/MIST_HER2/testA/80M2100377_17_5.jpg,0.657550111413002
80M2100377,80M2100377_24_31,0,0,2,/trinity/home/m.romanov/benchmarking/datasets/MIST_HER2/testB/80M2100377_24_31.jpg,/trinity/home/m.romanov/benchmarking/datasets/MIST_HER2/testA/80M2100377_24_31.jpg,0.5910037457942963
80M2100377,80M2100377_29_28,0,0,2,/trinity/home/m.romanov/benchmarking/datasets/MIST_HER2/testB/80M2100377_29_28.jpg,/trinity/home/m.romanov/benchmarking/datasets/MIST_HER2/testA/80M2100377_29_28.jpg,0.5878630727529526
81M2100356,81M2100356_29_24,0,0,2,/trinity/home/m.romanov/benchmarking/datasets/MIST_HER2/testB/81M2100356_29_24.jpg,/trinity/home/m.romanov/benchmarking/datasets/MIST_HER2/testA/81M2100356_29_24.jpg,0.652043804526329
81M2100356,81M2100356_38_24,0,0,2,/trinity/home/m.romanov/benchmarking/datasets/MIST_HER2/testB/81M2100356_38_24.jpg,/trinity/home/m.romanov/benchmarking/datasets/MIST_HER2/testA/81M2100356_38_24.jpg,0.6234565526247025
83M2100256,83M2100256_28_18,0,0,2,/trinity/home/m.romanov/benchmarking/datasets/MIST_HER2/testB/83M2100256_28_18.jpg,/trinity/home/m.romanov/benchmarking/datasets/MIST_HER2/testA/83M2100256_28_18.jpg,0.5475921928882599
83M2100256,83M2100256_30_22,0,0,2,/trinity/home/m.romanov/benchmarking/datasets/MIST_HER2/testB/83M2100256_30_22.jpg,/trinity/home/m.romanov/benchmarking/datasets/MIST_HER2/testA/83M2100256_30_22.jpg,0.5326215475797653
88M2100218,88M2100218_14_26,0,0,2,/trinity/home/m.romanov/benchmarking/datasets/MIST_HER2/testB/88M2100218_14_26.jpg,/trinity/home/m.romanov/benchmarking/datasets/MIST_HER2/testA/88M2100218_14_26.jpg,0.6394365429878235
88M2100218,88M2100218_24_8,0,0,2,/trinity/home/m.romanov/benchmarking/datasets/MIST_HER2/testB/88M2100218_24_8.jpg,/trinity/home/m.romanov/benchmarking/datasets/MIST_HER2/testA/88M2100218_24_8.jpg,0.6626208424568176
88M2100218,88M2100218_25_23,0,0,2,/trinity/home/m.romanov/benchmarking/datasets/MIST_HER2/testB/88M2100218_25_23.jpg,/trinity/home/m.romanov/benchmarking/datasets/MIST_HER2/testA/88M2100218_25_23.jpg,0.6510840356349945
91M2100173,91M2100173_21_20,0,0,2,/trinity/home/m.romanov/benchmarking/datasets/MIST_HER2/testB/91M2100173_21_20.jpg,/trinity/home/m.romanov/benchmarking/datasets/MIST_HER2/testA/91M2100173_21_20.jpg,0.6804388910531998
91M2100173,91M2100173_5_12,0,0,2,/trinity/home/m.romanov/benchmarking/datasets/MIST_HER2/testB/91M2100173_5_12.jpg,/trinity/home/m.romanov/benchmarking/datasets/MIST_HER2/testA/91M2100173_5_12.jpg,0.5803968608379364
91M2100173,91M2100173_6_9,0,0,2,/trinity/home/m.romanov/benchmarking/datasets/MIST_HER2/testB/91M2100173_6_9.jpg,/trinity/home/m.romanov/benchmarking/datasets/MIST_HER2/testA/91M2100173_6_9.jpg,0.5626506954431534
92M2100150,92M2100150_1_28,0,0,2,/trinity/home/m.romanov/benchmarking/datasets/MIST_HER2/testB/92M2100150_1_28.jpg,/trinity/home/m.romanov/benchmarking/datasets/MIST_HER2/testA/92M2100150_1_28.jpg,0.6755897253751755
94M2100142,94M2100142_20_20,0,0,2,/trinity/home/m.romanov/benchmarking/datasets/MIST_HER2/testB/94M2100142_20_20.jpg,/trinity/home/m.romanov/benchmarking/datasets/MIST_HER2/testA/94M2100142_20_20.jpg,0.6244482696056366
94M2100142,94M2100142_8_10,0,0,2,/trinity/home/m.romanov/benchmarking/datasets/MIST_HER2/testB/94M2100142_8_10.jpg,/trinity/home/m.romanov/benchmarking/datasets/MIST_HER2/testA/94M2100142_8_10.jpg,0.6706533581018448
97M2100034,97M2100034_18_10,0,0,2,/trinity/home/m.romanov/benchmarking/datasets/MIST_HER2/testB/97M2100034_18_10.jpg,/trinity/home/m.romanov/benchmarking/datasets/MIST_HER2/testA/97M2100034_18_10.jpg,0.5726276487112045
97M2100034,97M2100034_23_11,0,0,2,/trinity/home/m.romanov/benchmarking/datasets/MIST_HER2/testB/97M2100034_23_11.jpg,/trinity/home/m.romanov/benchmarking/datasets/MIST_HER2/testA/97M2100034_23_11.jpg,0.5133634582161903
97M2100034,97M2100034_26_16,0,0,2,/trinity/home/m.romanov/benchmarking/datasets/MIST_HER2/testB/97M2100034_26_16.jpg,/trinity/home/m.romanov/benchmarking/datasets/MIST_HER2/testA/97M2100034_26_16.jpg,0.5048692002892494
98M2004096,98M2004096_11_12,0,0,2,/trinity/home/m.romanov/benchmarking/datasets/MIST_HER2/testB/98M2004096_11_12.jpg,/trinity/home/m.romanov/benchmarking/datasets/MIST_HER2/testA/98M2004096_11_12.jpg,0.6743603050708771
98M2004096,98M2004096_20_11,0,0,2,/trinity/home/m.romanov/benchmarking/datasets/MIST_HER2/testB/98M2004096_20_11.jpg,/trinity/home/m.romanov/benchmarking/datasets/MIST_HER2/testA/98M2004096_20_11.jpg,0.582327589392662
98M2004096,98M2004096_25_16,0,0,2,/trinity/home/m.romanov/benchmarking/datasets/MIST_HER2/testB/98M2004096_25_16.jpg,/trinity/home/m.romanov/benchmarking/datasets/MIST_HER2/testA/98M2004096_25_16.jpg,0.6256772875785828
98M2004096,98M2004096_34_7,0,0,2,/trinity/home/m.romanov/benchmarking/datasets/MIST_HER2/testB/98M2004096_34_7.jpg,/trinity/home/m.romanov/benchmarking/datasets/MIST_HER2/testA/98M2004096_34_7.jpg,0.6504677385091782
98M2004096,98M2004096_8_11,0,0,2,/trinity/home/m.romanov/benchmarking/datasets/MIST_HER2/testB/98M2004096_8_11.jpg,/trinity/home/m.romanov/benchmarking/datasets/MIST_HER2/testA/98M2004096_8_11.jpg,0.6661314815282822
99M2004082,99M2004082_11_20,0,0,2,/trinity/home/m.romanov/benchmarking/datasets/MIST_HER2/testB/99M2004082_11_20.jpg,/trinity/home/m.romanov/benchmarking/datasets/MIST_HER2/testA/99M2004082_11_20.jpg,0.7265242040157318
99M2004082,99M2004082_21_12,0,0,2,/trinity/home/m.romanov/benchmarking/datasets/MIST_HER2/testB/99M2004082_21_12.jpg,/trinity/home/m.romanov/benchmarking/datasets/MIST_HER2/testA/99M2004082_21_12.jpg,0.6184395998716354
99M2004082,99M2004082_24_14,0,0,2,/trinity/home/m.romanov/benchmarking/datasets/MIST_HER2/testB/99M2004082_24_14.jpg,/trinity/home/m.romanov/benchmarking/datasets/MIST_HER2/testA/99M2004082_24_14.jpg,0.6899590343236923
99M2004082,99M2004082_27_17,0,0,2,/trinity/home/m.romanov/benchmarking/datasets/MIST_HER2/testB/99M2004082_27_17.jpg,/trinity/home/m.romanov/benchmarking/datasets/MIST_HER2/testA/99M2004082_27_17.jpg,0.5995407104492188
