pname,patch_id,Similarity_Score,rdist,class3,fixed_path,warped_path,lpips_mist_mpp1.0112_full
12M2102884,12M2102884_10_7,0,0,0,/trinity/home/m.romanov/benchmarking/datasets/MIST_HER2/testB/12M2102884_10_7.jpg,/trinity/home/m.romanov/benchmarking/datasets/MIST_HER2/testA/12M2102884_10_7.jpg,0.5554937124252319
12M2102884,12M2102884_7_9,0,0,0,/trinity/home/m.romanov/benchmarking/datasets/MIST_HER2/testB/12M2102884_7_9.jpg,/trinity/home/m.romanov/benchmarking/datasets/MIST_HER2/testA/12M2102884_7_9.jpg,0.5613195300102234
48M2101314,48M2101314_40_34,0,0,0,/trinity/home/m.romanov/benchmarking/datasets/MIST_HER2/testB/48M2101314_40_34.jpg,/trinity/home/m.romanov/benchmarking/datasets/MIST_HER2/testA/48M2101314_40_34.jpg,0.6062942743301392
57M2101034,57M2101034_5_20,0,0,0,/trinity/home/m.romanov/benchmarking/datasets/MIST_HER2/testB/57M2101034_5_20.jpg,/trinity/home/m.romanov/benchmarking/datasets/MIST_HER2/testA/57M2101034_5_20.jpg,0.5996316075325012
88M2100218,88M2100218_27_3,0,0,0,/trinity/home/m.romanov/benchmarking/datasets/MIST_HER2/testB/88M2100218_27_3.jpg,/trinity/home/m.romanov/benchmarking/datasets/MIST_HER2/testA/88M2100218_27_3.jpg,0.6618430614471436
89M2100212,89M2100212_10_17,0,0,0,/trinity/home/m.romanov/benchmarking/datasets/MIST_HER2/testB/89M2100212_10_17.jpg,/trinity/home/m.romanov/benchmarking/datasets/MIST_HER2/testA/89M2100212_10_17.jpg,0.6202747821807861
89M2100212,89M2100212_11_18,0,0,0,/trinity/home/m.romanov/benchmarking/datasets/MIST_HER2/testB/89M2100212_11_18.jpg,/trinity/home/m.romanov/benchmarking/datasets/MIST_HER2/testA/89M2100212_11_18.jpg,0.6148838400840759
89M2100212,89M2100212_11_20,0,0,0,/trinity/home/m.romanov/benchmarking/datasets/MIST_HER2/testB/89M2100212_11_20.jpg,/trinity/home/m.romanov/benchmarking/datasets/MIST_HER2/testA/89M2100212_11_20.jpg,0.636836051940918
89M2100212,89M2100212_12_22,0,0,0,/trinity/home/m.romanov/benchmarking/datasets/MIST_HER2/testB/89M2100212_12_22.jpg,/trinity/home/m.romanov/benchmarking/datasets/MIST_HER2/testA/89M2100212_12_22.jpg,0.6431949138641357
89M2100212,89M2100212_14_22,0,0,0,/trinity/home/m.romanov/benchmarking/datasets/MIST_HER2/testB/89M2100212_14_22.jpg,/trinity/home/m.romanov/benchmarking/datasets/MIST_HER2/testA/89M2100212_14_22.jpg,0.5913562774658203
89M2100212,89M2100212_16_11,0,0,0,/trinity/home/m.romanov/benchmarking/datasets/MIST_HER2/testB/89M2100212_16_11.jpg,/trinity/home/m.romanov/benchmarking/datasets/MIST_HER2/testA/89M2100212_16_11.jpg,0.5868186950683594
89M2100212,89M2100212_3_13,0,0,0,/trinity/home/m.romanov/benchmarking/datasets/MIST_HER2/testB/89M2100212_3_13.jpg,/trinity/home/m.romanov/benchmarking/datasets/MIST_HER2/testA/89M2100212_3_13.jpg,0.5880878567695618
89M2100212,89M2100212_9_16,0,0,0,/trinity/home/m.romanov/benchmarking/datasets/MIST_HER2/testB/89M2100212_9_16.jpg,/trinity/home/m.romanov/benchmarking/datasets/MIST_HER2/testA/89M2100212_9_16.jpg,0.5760564804077148
100M2004069,100M2004069_10_9,0,0,1,/trinity/home/m.romanov/benchmarking/datasets/MIST_HER2/testB/100M2004069_10_9.jpg,/trinity/home/m.romanov/benchmarking/datasets/MIST_HER2/testA/100M2004069_10_9.jpg,0.5899521112442017
100M2004069,100M2004069_16_30,0,0,1,/trinity/home/m.romanov/benchmarking/datasets/MIST_HER2/testB/100M2004069_16_30.jpg,/trinity/home/m.romanov/benchmarking/datasets/MIST_HER2/testA/100M2004069_16_30.jpg,0.5417953729629517
100M2004069,100M2004069_21_29,0,0,1,/trinity/home/m.romanov/benchmarking/datasets/MIST_HER2/testB/100M2004069_21_29.jpg,/trinity/home/m.romanov/benchmarking/datasets/MIST_HER2/testA/100M2004069_21_29.jpg,0.5715837478637695
100M2004069,100M2004069_26_23,0,0,1,/trinity/home/m.romanov/benchmarking/datasets/MIST_HER2/testB/100M2004069_26_23.jpg,/trinity/home/m.romanov/benchmarking/datasets/MIST_HER2/testA/100M2004069_26_23.jpg,0.5433197021484375
100M2004069,100M2004069_32_27,0,0,1,/trinity/home/m.romanov/benchmarking/datasets/MIST_HER2/testB/100M2004069_32_27.jpg,/trinity/home/m.romanov/benchmarking/datasets/MIST_HER2/testA/100M2004069_32_27.jpg,0.5745129585266113
10M2102916,10M2102916_14_4,0,0,1,/trinity/home/m.romanov/benchmarking/datasets/MIST_HER2/testB/10M2102916_14_4.jpg,/trinity/home/m.romanov/benchmarking/datasets/MIST_HER2/testA/10M2102916_14_4.jpg,0.647336483001709
10M2102916,10M2102916_17_14,0,0,1,/trinity/home/m.romanov/benchmarking/datasets/MIST_HER2/testB/10M2102916_17_14.jpg,/trinity/home/m.romanov/benchmarking/datasets/MIST_HER2/testA/10M2102916_17_14.jpg,0.5655481219291687
12M2102884,12M2102884_18_4,0,0,1,/trinity/home/m.romanov/benchmarking/datasets/MIST_HER2/testB/12M2102884_18_4.jpg,/trinity/home/m.romanov/benchmarking/datasets/MIST_HER2/testA/12M2102884_18_4.jpg,0.5507978200912476
12M2102884,12M2102884_6_5,0,0,1,/trinity/home/m.romanov/benchmarking/datasets/MIST_HER2/testB/12M2102884_6_5.jpg,/trinity/home/m.romanov/benchmarking/datasets/MIST_HER2/testA/12M2102884_6_5.jpg,0.5490662455558777
12M2102884,12M2102884_8_9,0,0,1,/trinity/home/m.romanov/benchmarking/datasets/MIST_HER2/testB/12M2102884_8_9.jpg,/trinity/home/m.romanov/benchmarking/datasets/MIST_HER2/testA/12M2102884_8_9.jpg,0.5429890155792236
14M2102785,14M2102785_14_9,0,0,1,/trinity/home/m.romanov/benchmarking/datasets/MIST_HER2/testB/14M2102785_14_9.jpg,/trinity/home/m.romanov/benchmarking/datasets/MIST_HER2/testA/14M2102785_14_9.jpg,0.6601259708404541
15M2102762,15M2102762_14_15,0,0,1,/trinity/home/m.romanov/benchmarking/datasets/MIST_HER2/testB/15M2102762_14_15.jpg,/trinity/home/m.romanov/benchmarking/datasets/MIST_HER2/testA/15M2102762_14_15.jpg,0.6390607357025146
15M2102762,15M2102762_15_21,0,0,1,/trinity/home/m.romanov/benchmarking/datasets/MIST_HER2/testB/15M2102762_15_21.jpg,/trinity/home/m.romanov/benchmarking/datasets/MIST_HER2/testA/15M2102762_15_21.jpg,0.5999903678894043
15M2102762,15M2102762_15_26,0,0,1,/trinity/home/m.romanov/benchmarking/datasets/MIST_HER2/testB/15M2102762_15_26.jpg,/trinity/home/m.romanov/benchmarking/datasets/MIST_HER2/testA/15M2102762_15_26.jpg,0.624304473400116
15M2102762,15M2102762_19_20,0,0,1,/trinity/home/m.romanov/benchmarking/datasets/MIST_HER2/testB/15M2102762_19_20.jpg,/trinity/home/m.romanov/benchmarking/datasets/MIST_HER2/testA/15M2102762_19_20.jpg,0.6067302227020264
15M2102762,15M2102762_21_24,0,0,1,/trinity/home/m.romanov/benchmarking/datasets/MIST_HER2/testB/15M2102762_21_24.jpg,/trinity/home/m.romanov/benchmarking/datasets/MIST_HER2/testA/15M2102762_21_24.jpg,0.5873914957046509
15M2102762,15M2102762_26_10,0,0,1,/trinity/home/m.romanov/benchmarking/datasets/MIST_HER2/testB/15M2102762_26_10.jpg,/trinity/home/m.romanov/benchmarking/datasets/MIST_HER2/testA/15M2102762_26_10.jpg,0.6356636881828308
15M2102762,15M2102762_2_22,0,0,1,/trinity/home/m.romanov/benchmarking/datasets/MIST_HER2/testB/15M2102762_2_22.jpg,/trinity/home/m.romanov/benchmarking/datasets/MIST_HER2/testA/15M2102762_2_22.jpg,0.6065686345100403
15M2102762,15M2102762_6_23,0,0,1,/trinity/home/m.romanov/benchmarking/datasets/MIST_HER2/testB/15M2102762_6_23.jpg,/trinity/home/m.romanov/benchmarking/datasets/MIST_HER2/testA/15M2102762_6_23.jpg,0.6309413313865662
15M2102762,15M2102762_8_22,0,0,1,/trinity/home/m.romanov/benchmarking/datasets/MIST_HER2/testB/15M2102762_8_22.jpg,/trinity/home/m.romanov/benchmarking/datasets/MIST_HER2/testA/15M2102762_8_22.jpg,0.6413851976394653
23M2102136,23M2102136_13_16,0,0,1,/trinity/home/m.romanov/benchmarking/datasets/MIST_HER2/testB/23M2102136_13_16.jpg,/trinity/home/m.romanov/benchmarking/datasets/MIST_HER2/testA/23M2102136_13_16.jpg,0.5407162308692932
27M2102007,27M2102007_5_29,0,0,1,/trinity/home/m.romanov/benchmarking/datasets/MIST_HER2/testB/27M2102007_5_29.jpg,/trinity/home/m.romanov/benchmarking/datasets/MIST_HER2/testA/27M2102007_5_29.jpg,0.6796258091926575
27M2102007,27M2102007_6_24,0,0,1,/trinity/home/m.romanov/benchmarking/datasets/MIST_HER2/testB/27M2102007_6_24.jpg,/trinity/home/m.romanov/benchmarking/datasets/MIST_HER2/testA/27M2102007_6_24.jpg,0.6958440542221069
27M2102007,27M2102007_8_22,0,0,1,/trinity/home/m.romanov/benchmarking/datasets/MIST_HER2/testB/27M2102007_8_22.jpg,/trinity/home/m.romanov/benchmarking/datasets/MIST_HER2/testA/27M2102007_8_22.jpg,0.7268581390380859
28M2101987,28M2101987_14_25,0,0,1,/trinity/home/m.romanov/benchmarking/datasets/MIST_HER2/testB/28M2101987_14_25.jpg,/trinity/home/m.romanov/benchmarking/datasets/MIST_HER2/testA/28M2101987_14_25.jpg,0.5432214736938477
28M2101987,28M2101987_20_17,0,0,1,/trinity/home/m.romanov/benchmarking/datasets/MIST_HER2/testB/28M2101987_20_17.jpg,/trinity/home/m.romanov/benchmarking/datasets/MIST_HER2/testA/28M2101987_20_17.jpg,0.6281143426895142
28M2101987,28M2101987_25_15,0,0,1,/trinity/home/m.romanov/benchmarking/datasets/MIST_HER2/testB/28M2101987_25_15.jpg,/trinity/home/m.romanov/benchmarking/datasets/MIST_HER2/testA/28M2101987_25_15.jpg,0.6711694002151489
28M2101987,28M2101987_8_16,0,0,1,/trinity/home/m.romanov/benchmarking/datasets/MIST_HER2/testB/28M2101987_8_16.jpg,/trinity/home/m.romanov/benchmarking/datasets/MIST_HER2/testA/28M2101987_8_16.jpg,0.6365721225738525
2M2103108,2M2103108_13_15,0,0,1,/trinity/home/m.romanov/benchmarking/datasets/MIST_HER2/testB/2M2103108_13_15.jpg,/trinity/home/m.romanov/benchmarking/datasets/MIST_HER2/testA/2M2103108_13_15.jpg,0.5890101790428162
2M2103108,2M2103108_31_18,0,0,1,/trinity/home/m.romanov/benchmarking/datasets/MIST_HER2/testB/2M2103108_31_18.jpg,/trinity/home/m.romanov/benchmarking/datasets/MIST_HER2/testA/2M2103108_31_18.jpg,0.6210185289382935
2M2103108,2M2103108_6_14,0,0,1,/trinity/home/m.romanov/benchmarking/datasets/MIST_HER2/testB/2M2103108_6_14.jpg,/trinity/home/m.romanov/benchmarking/datasets/MIST_HER2/testA/2M2103108_6_14.jpg,0.5803641080856323
31M2101871,31M2101871_17_22,0,0,1,/trinity/home/m.romanov/benchmarking/datasets/MIST_HER2/testB/31M2101871_17_22.jpg,/trinity/home/m.romanov/benchmarking/datasets/MIST_HER2/testA/31M2101871_17_22.jpg,0.6183837056159973
31M2101871,31M2101871_33_9,0,0,1,/trinity/home/m.romanov/benchmarking/datasets/MIST_HER2/testB/31M2101871_33_9.jpg,/trinity/home/m.romanov/benchmarking/datasets/MIST_HER2/testA/31M2101871_33_9.jpg,0.5929821729660034
31M2101871,31M2101871_35_16,0,0,1,/trinity/home/m.romanov/benchmarking/datasets/MIST_HER2/testB/31M2101871_35_16.jpg,/trinity/home/m.romanov/benchmarking/datasets/MIST_HER2/testA/31M2101871_35_16.jpg,0.5942822694778442
31M2101871,31M2101871_38_15,0,0,1,/trinity/home/m.romanov/benchmarking/datasets/MIST_HER2/testB/31M2101871_38_15.jpg,/trinity/home/m.romanov/benchmarking/datasets/MIST_HER2/testA/31M2101871_38_15.jpg,0.6027103662490845
31M2101871,31M2101871_5_19,0,0,1,/trinity/home/m.romanov/benchmarking/datasets/MIST_HER2/testB/31M2101871_5_19.jpg,/trinity/home/m.romanov/benchmarking/datasets/MIST_HER2/testA/31M2101871_5_19.jpg,0.5997906923294067
31M2101871,31M2101871_6_17,0,0,1,/trinity/home/m.romanov/benchmarking/datasets/MIST_HER2/testB/31M2101871_6_17.jpg,/trinity/home/m.romanov/benchmarking/datasets/MIST_HER2/testA/31M2101871_6_17.jpg,0.6125953197479248
31M2101871,31M2101871_8_17,0,0,1,/trinity/home/m.romanov/benchmarking/datasets/MIST_HER2/testB/31M2101871_8_17.jpg,/trinity/home/m.romanov/benchmarking/datasets/MIST_HER2/testA/31M2101871_8_17.jpg,0.5786936283111572
33M2101839,33M2101839_3_9,0,0,1,/trinity/home/m.romanov/benchmarking/datasets/MIST_HER2/testB/33M2101839_3_9.jpg,/trinity/home/m.romanov/benchmarking/datasets/MIST_HER2/testA/33M2101839_3_9.jpg,0.565092921257019
39M2101576,39M2101576_20_12,0,0,1,/trinity/home/m.romanov/benchmarking/datasets/MIST_HER2/testB/39M2101576_20_12.jpg,/trinity/home/m.romanov/benchmarking/datasets/MIST_HER2/testA/39M2101576_20_12.jpg,0.5804851055145264
39M2101576,39M2101576_20_3,0,0,1,/trinity/home/m.romanov/benchmarking/datasets/MIST_HER2/testB/39M2101576_20_3.jpg,/trinity/home/m.romanov/benchmarking/datasets/MIST_HER2/testA/39M2101576_20_3.jpg,0.6079297065734863
39M2101576,39M2101576_22_17,0,0,1,/trinity/home/m.romanov/benchmarking/datasets/MIST_HER2/testB/39M2101576_22_17.jpg,/trinity/home/m.romanov/benchmarking/datasets/MIST_HER2/testA/39M2101576_22_17.jpg,0.601740837097168
39M2101576,39M2101576_8_27,0,0,1,/trinity/home/m.romanov/benchmarking/datasets/MIST_HER2/testB/39M2101576_8_27.jpg,/trinity/home/m.romanov/benchmarking/datasets/MIST_HER2/testA/39M2101576_8_27.jpg,0.5686126947402954
40M2101566,40M2101566_16_27,0,0,1,/trinity/home/m.romanov/benchmarking/datasets/MIST_HER2/testB/40M2101566_16_27.jpg,/trinity/home/m.romanov/benchmarking/datasets/MIST_HER2/testA/40M2101566_16_27.jpg,0.5939804315567017
40M2101566,40M2101566_26_26,0,0,1,/trinity/home/m.romanov/benchmarking/datasets/MIST_HER2/testB/40M2101566_26_26.jpg,/trinity/home/m.romanov/benchmarking/datasets/MIST_HER2/testA/40M2101566_26_26.jpg,0.6031322479248047
40M2101566,40M2101566_34_26,0,0,1,/trinity/home/m.romanov/benchmarking/datasets/MIST_HER2/testB/40M2101566_34_26.jpg,/trinity/home/m.romanov/benchmarking/datasets/MIST_HER2/testA/40M2101566_34_26.jpg,0.6307986974716187
40M2101566,40M2101566_35_16,0,0,1,/trinity/home/m.romanov/benchmarking/datasets/MIST_HER2/testB/40M2101566_35_16.jpg,/trinity/home/m.romanov/benchmarking/datasets/MIST_HER2/testA/40M2101566_35_16.jpg,0.6109995245933533
40M2101566,40M2101566_35_37,0,0,1,/trinity/home/m.romanov/benchmarking/datasets/MIST_HER2/testB/40M2101566_35_37.jpg,/trinity/home/m.romanov/benchmarking/datasets/MIST_HER2/testA/40M2101566_35_37.jpg,0.6434782147407532
40M2101566,40M2101566_40_33,0,0,1,/trinity/home/m.romanov/benchmarking/datasets/MIST_HER2/testB/40M2101566_40_33.jpg,/trinity/home/m.romanov/benchmarking/datasets/MIST_HER2/testA/40M2101566_40_33.jpg,0.6041046380996704
40M2101566,40M2101566_41_31,0,0,1,/trinity/home/m.romanov/benchmarking/datasets/MIST_HER2/testB/40M2101566_41_31.jpg,/trinity/home/m.romanov/benchmarking/datasets/MIST_HER2/testA/40M2101566_41_31.jpg,0.6061360836029053
45M2101377,45M2101377_18_20,0,0,1,/trinity/home/m.romanov/benchmarking/datasets/MIST_HER2/testB/45M2101377_18_20.jpg,/trinity/home/m.romanov/benchmarking/datasets/MIST_HER2/testA/45M2101377_18_20.jpg,0.5505275726318359
48M2101314,48M2101314_13_27,0,0,1,/trinity/home/m.romanov/benchmarking/datasets/MIST_HER2/testB/48M2101314_13_27.jpg,/trinity/home/m.romanov/benchmarking/datasets/MIST_HER2/testA/48M2101314_13_27.jpg,0.6288032531738281
48M2101314,48M2101314_2_17,0,0,1,/trinity/home/m.romanov/benchmarking/datasets/MIST_HER2/testB/48M2101314_2_17.jpg,/trinity/home/m.romanov/benchmarking/datasets/MIST_HER2/testA/48M2101314_2_17.jpg,0.6551175117492676
48M2101314,48M2101314_4_7,0,0,1,/trinity/home/m.romanov/benchmarking/datasets/MIST_HER2/testB/48M2101314_4_7.jpg,/trinity/home/m.romanov/benchmarking/datasets/MIST_HER2/testA/48M2101314_4_7.jpg,0.6572059392929077
48M2101314,48M2101314_8_30,0,0,1,/trinity/home/m.romanov/benchmarking/datasets/MIST_HER2/testB/48M2101314_8_30.jpg,/trinity/home/m.romanov/benchmarking/datasets/MIST_HER2/testA/48M2101314_8_30.jpg,0.6379330158233643
48M2101314,48M2101314_9_28,0,0,1,/trinity/home/m.romanov/benchmarking/datasets/MIST_HER2/testB/48M2101314_9_28.jpg,/trinity/home/m.romanov/benchmarking/datasets/MIST_HER2/testA/48M2101314_9_28.jpg,0.6574928760528564
4M2103059,4M2103059_16_12,0,0,1,/trinity/home/m.romanov/benchmarking/datasets/MIST_HER2/testB/4M2103059_16_12.jpg,/trinity/home/m.romanov/benchmarking/datasets/MIST_HER2/testA/4M2103059_16_12.jpg,0.5831440687179565
50M2101298,50M2101298_25_5,0,0,1,/trinity/home/m.romanov/benchmarking/datasets/MIST_HER2/testB/50M2101298_25_5.jpg,/trinity/home/m.romanov/benchmarking/datasets/MIST_HER2/testA/50M2101298_25_5.jpg,0.549763023853302
51M2101285,51M2101285_22_14,0,0,1,/trinity/home/m.romanov/benchmarking/datasets/MIST_HER2/testB/51M2101285_22_14.jpg,/trinity/home/m.romanov/benchmarking/datasets/MIST_HER2/testA/51M2101285_22_14.jpg,0.5789194107055664
56M2101083,56M2101083_15_6,0,0,1,/trinity/home/m.romanov/benchmarking/datasets/MIST_HER2/testB/56M2101083_15_6.jpg,/trinity/home/m.romanov/benchmarking/datasets/MIST_HER2/testA/56M2101083_15_6.jpg,0.6697880029678345
57M2101034,57M2101034_12_17,0,0,1,/trinity/home/m.romanov/benchmarking/datasets/MIST_HER2/testB/57M2101034_12_17.jpg,/trinity/home/m.romanov/benchmarking/datasets/MIST_HER2/testA/57M2101034_12_17.jpg,0.6283248066902161
57M2101034,57M2101034_12_7,0,0,1,/trinity/home/m.romanov/benchmarking/datasets/MIST_HER2/testB/57M2101034_12_7.jpg,/trinity/home/m.romanov/benchmarking/datasets/MIST_HER2/testA/57M2101034_12_7.jpg,0.6232138872146606
57M2101034,57M2101034_15_3,0,0,1,/trinity/home/m.romanov/benchmarking/datasets/MIST_HER2/testB/57M2101034_15_3.jpg,/trinity/home/m.romanov/benchmarking/datasets/MIST_HER2/testA/57M2101034_15_3.jpg,0.6266396045684814
57M2101034,57M2101034_16_24,0,0,1,/trinity/home/m.romanov/benchmarking/datasets/MIST_HER2/testB/57M2101034_16_24.jpg,/trinity/home/m.romanov/benchmarking/datasets/MIST_HER2/testA/57M2101034_16_24.jpg,0.6530827879905701
57M2101034,57M2101034_16_4,0,0,1,/trinity/home/m.romanov/benchmarking/datasets/MIST_HER2/testB/57M2101034_16_4.jpg,/trinity/home/m.romanov/benchmarking/datasets/MIST_HER2/testA/57M2101034_16_4.jpg,0.6284158825874329
57M2101034,57M2101034_17_23,0,0,1,/trinity/home/m.romanov/benchmarking/datasets/MIST_HER2/testB/57M2101034_17_23.jpg,/trinity/home/m.romanov/benchmarking/datasets/MIST_HER2/testA/57M2101034_17_23.jpg,0.5962977409362793
57M2101034,57M2101034_19_20,0,0,1,/trinity/home/m.romanov/benchmarking/datasets/MIST_HER2/testB/57M2101034_19_20.jpg,/trinity/home/m.romanov/benchmarking/datasets/MIST_HER2/testA/57M2101034_19_20.jpg,0.6230067014694214
57M2101034,57M2101034_21_14,0,0,1,/trinity/home/m.romanov/benchmarking/datasets/MIST_HER2/testB/57M2101034_21_14.jpg,/trinity/home/m.romanov/benchmarking/datasets/MIST_HER2/testA/57M2101034_21_14.jpg,0.6322840452194214
57M2101034,57M2101034_21_19,0,0,1,/trinity/home/m.romanov/benchmarking/datasets/MIST_HER2/testB/57M2101034_21_19.jpg,/trinity/home/m.romanov/benchmarking/datasets/MIST_HER2/testA/57M2101034_21_19.jpg,0.6348509788513184
57M2101034,57M2101034_30_15,0,0,1,/trinity/home/m.romanov/benchmarking/datasets/MIST_HER2/testB/57M2101034_30_15.jpg,/trinity/home/m.romanov/benchmarking/datasets/MIST_HER2/testA/57M2101034_30_15.jpg,0.6273078918457031
57M2101034,57M2101034_31_28,0,0,1,/trinity/home/m.romanov/benchmarking/datasets/MIST_HER2/testB/57M2101034_31_28.jpg,/trinity/home/m.romanov/benchmarking/datasets/MIST_HER2/testA/57M2101034_31_28.jpg,0.6128054261207581
57M2101034,57M2101034_8_27,0,0,1,/trinity/home/m.romanov/benchmarking/datasets/MIST_HER2/testB/57M2101034_8_27.jpg,/trinity/home/m.romanov/benchmarking/datasets/MIST_HER2/testA/57M2101034_8_27.jpg,0.6838333010673523
60M2100980,60M2100980_37_15,0,0,1,/trinity/home/m.romanov/benchmarking/datasets/MIST_HER2/testB/60M2100980_37_15.jpg,/trinity/home/m.romanov/benchmarking/datasets/MIST_HER2/testA/60M2100980_37_15.jpg,0.6031273007392883
65M2100668,65M2100668_17_23,0,0,1,/trinity/home/m.romanov/benchmarking/datasets/MIST_HER2/testB/65M2100668_17_23.jpg,/trinity/home/m.romanov/benchmarking/datasets/MIST_HER2/testA/65M2100668_17_23.jpg,0.6668130159378052
68M2100640,68M2100640_15_8,0,0,1,/trinity/home/m.romanov/benchmarking/datasets/MIST_HER2/testB/68M2100640_15_8.jpg,/trinity/home/m.romanov/benchmarking/datasets/MIST_HER2/testA/68M2100640_15_8.jpg,0.6623713970184326
68M2100640,68M2100640_26_25,0,0,1,/trinity/home/m.romanov/benchmarking/datasets/MIST_HER2/testB/68M2100640_26_25.jpg,/trinity/home/m.romanov/benchmarking/datasets/MIST_HER2/testA/68M2100640_26_25.jpg,0.6138383150100708
68M2100640,68M2100640_8_18,0,0,1,/trinity/home/m.romanov/benchmarking/datasets/MIST_HER2/testB/68M2100640_8_18.jpg,/trinity/home/m.romanov/benchmarking/datasets/MIST_HER2/testA/68M2100640_8_18.jpg,0.6795386672019958
69M2100632,69M2100632_29_9,0,0,1,/trinity/home/m.romanov/benchmarking/datasets/MIST_HER2/testB/69M2100632_29_9.jpg,/trinity/home/m.romanov/benchmarking/datasets/MIST_HER2/testA/69M2100632_29_9.jpg,0.5933948755264282
6M2103024,6M2103024_14_15,0,0,1,/trinity/home/m.romanov/benchmarking/datasets/MIST_HER2/testB/6M2103024_14_15.jpg,/trinity/home/m.romanov/benchmarking/datasets/MIST_HER2/testA/6M2103024_14_15.jpg,0.5691407322883606
6M2103024,6M2103024_18_16,0,0,1,/trinity/home/m.romanov/benchmarking/datasets/MIST_HER2/testB/6M2103024_18_16.jpg,/trinity/home/m.romanov/benchmarking/datasets/MIST_HER2/testA/6M2103024_18_16.jpg,0.5876739025115967
6M2103024,6M2103024_22_18,0,0,1,/trinity/home/m.romanov/benchmarking/datasets/MIST_HER2/testB/6M2103024_22_18.jpg,/trinity/home/m.romanov/benchmarking/datasets/MIST_HER2/testA/6M2103024_22_18.jpg,0.6083358526229858
6M2103024,6M2103024_8_22,0,0,1,/trinity/home/m.romanov/benchmarking/datasets/MIST_HER2/testB/6M2103024_8_22.jpg,/trinity/home/m.romanov/benchmarking/datasets/MIST_HER2/testA/6M2103024_8_22.jpg,0.5971025228500366
70M2100623,70M2100623_23_21,0,0,1,/trinity/home/m.romanov/benchmarking/datasets/MIST_HER2/testB/70M2100623_23_21.jpg,/trinity/home/m.romanov/benchmarking/datasets/MIST_HER2/testA/70M2100623_23_21.jpg,0.6489040851593018
70M2100623,70M2100623_28_22,0,0,1,/trinity/home/m.romanov/benchmarking/datasets/MIST_HER2/testB/70M2100623_28_22.jpg,/trinity/home/m.romanov/benchmarking/datasets/MIST_HER2/testA/70M2100623_28_22.jpg,0.6550886631011963
70M2100623,70M2100623_35_10,0,0,1,/trinity/home/m.romanov/benchmarking/datasets/MIST_HER2/testB/70M2100623_35_10.jpg,/trinity/home/m.romanov/benchmarking/datasets/MIST_HER2/testA/70M2100623_35_10.jpg,0.6714516878128052
74M2100526,74M2100526_12_14,0,0,1,/trinity/home/m.romanov/benchmarking/datasets/MIST_HER2/testB/74M2100526_12_14.jpg,/trinity/home/m.romanov/benchmarking/datasets/MIST_HER2/testA/74M2100526_12_14.jpg,0.5585240125656128
74M2100526,74M2100526_15_29,0,0,1,/trinity/home/m.romanov/benchmarking/datasets/MIST_HER2/testB/74M2100526_15_29.jpg,/trinity/home/m.romanov/benchmarking/datasets/MIST_HER2/testA/74M2100526_15_29.jpg,0.6015092134475708
74M2100526,74M2100526_17_28,0,0,1,/trinity/home/m.romanov/benchmarking/datasets/MIST_HER2/testB/74M2100526_17_28.jpg,/trinity/home/m.romanov/benchmarking/datasets/MIST_HER2/testA/74M2100526_17_28.jpg,0.5631141066551208
74M2100526,74M2100526_19_21,0,0,1,/trinity/home/m.romanov/benchmarking/datasets/MIST_HER2/testB/74M2100526_19_21.jpg,/trinity/home/m.romanov/benchmarking/datasets/MIST_HER2/testA/74M2100526_19_21.jpg,0.5506340265274048
79M2100417,79M2100417_9_19,0,0,1,/trinity/home/m.romanov/benchmarking/datasets/MIST_HER2/testB/79M2100417_9_19.jpg,/trinity/home/m.romanov/benchmarking/datasets/MIST_HER2/testA/79M2100417_9_19.jpg,0.6643587350845337
80M2100377,80M2100377_17_18,0,0,1,/trinity/home/m.romanov/benchmarking/datasets/MIST_HER2/testB/80M2100377_17_18.jpg,/trinity/home/m.romanov/benchmarking/datasets/MIST_HER2/testA/80M2100377_17_18.jpg,0.6610448360443115
81M2100356,81M2100356_17_14,0,0,1,/trinity/home/m.romanov/benchmarking/datasets/MIST_HER2/testB/81M2100356_17_14.jpg,/trinity/home/m.romanov/benchmarking/datasets/MIST_HER2/testA/81M2100356_17_14.jpg,0.6040065884590149
81M2100356,81M2100356_20_29,0,0,1,/trinity/home/m.romanov/benchmarking/datasets/MIST_HER2/testB/81M2100356_20_29.jpg,/trinity/home/m.romanov/benchmarking/datasets/MIST_HER2/testA/81M2100356_20_29.jpg,0.6328514814376831
81M2100356,81M2100356_24_34,0,0,1,/trinity/home/m.romanov/benchmarking/datasets/MIST_HER2/testB/81M2100356_24_34.jpg,/trinity/home/m.romanov/benchmarking/datasets/MIST_HER2/testA/81M2100356_24_34.jpg,0.6518523693084717
83M2100256,83M2100256_3_19,0,0,1,/trinity/home/m.romanov/benchmarking/datasets/MIST_HER2/testB/83M2100256_3_19.jpg,/trinity/home/m.romanov/benchmarking/datasets/MIST_HER2/testA/83M2100256_3_19.jpg,0.5823477506637573
88M2100218,88M2100218_10_29,0,0,1,/trinity/home/m.romanov/benchmarking/datasets/MIST_HER2/testB/88M2100218_10_29.jpg,/trinity/home/m.romanov/benchmarking/datasets/MIST_HER2/testA/88M2100218_10_29.jpg,0.6739450693130493
88M2100218,88M2100218_11_14,0,0,1,/trinity/home/m.romanov/benchmarking/datasets/MIST_HER2/testB/88M2100218_11_14.jpg,/trinity/home/m.romanov/benchmarking/datasets/MIST_HER2/testA/88M2100218_11_14.jpg,0.6432461738586426
88M2100218,88M2100218_17_5,0,0,1,/trinity/home/m.romanov/benchmarking/datasets/MIST_HER2/testB/88M2100218_17_5.jpg,/trinity/home/m.romanov/benchmarking/datasets/MIST_HER2/testA/88M2100218_17_5.jpg,0.6549864411354065
88M2100218,88M2100218_23_8,0,0,1,/trinity/home/m.romanov/benchmarking/datasets/MIST_HER2/testB/88M2100218_23_8.jpg,/trinity/home/m.romanov/benchmarking/datasets/MIST_HER2/testA/88M2100218_23_8.jpg,0.6781468391418457
88M2100218,88M2100218_26_16,0,0,1,/trinity/home/m.romanov/benchmarking/datasets/MIST_HER2/testB/88M2100218_26_16.jpg,/trinity/home/m.romanov/benchmarking/datasets/MIST_HER2/testA/88M2100218_26_16.jpg,0.6679226160049438
88M2100218,88M2100218_27_7,0,0,1,/trinity/home/m.romanov/benchmarking/datasets/MIST_HER2/testB/88M2100218_27_7.jpg,/trinity/home/m.romanov/benchmarking/datasets/MIST_HER2/testA/88M2100218_27_7.jpg,0.6559615135192871
88M2100218,88M2100218_31_20,0,0,1,/trinity/home/m.romanov/benchmarking/datasets/MIST_HER2/testB/88M2100218_31_20.jpg,/trinity/home/m.romanov/benchmarking/datasets/MIST_HER2/testA/88M2100218_31_20.jpg,0.6944106221199036
89M2100212,89M2100212_10_18,0,0,1,/trinity/home/m.romanov/benchmarking/datasets/MIST_HER2/testB/89M2100212_10_18.jpg,/trinity/home/m.romanov/benchmarking/datasets/MIST_HER2/testA/89M2100212_10_18.jpg,0.6057348251342773
89M2100212,89M2100212_26_23,0,0,1,/trinity/home/m.romanov/benchmarking/datasets/MIST_HER2/testB/89M2100212_26_23.jpg,/trinity/home/m.romanov/benchmarking/datasets/MIST_HER2/testA/89M2100212_26_23.jpg,0.6017098426818848
89M2100212,89M2100212_3_20,0,0,1,/trinity/home/m.romanov/benchmarking/datasets/MIST_HER2/testB/89M2100212_3_20.jpg,/trinity/home/m.romanov/benchmarking/datasets/MIST_HER2/testA/89M2100212_3_20.jpg,0.5358861684799194
89M2100212,89M2100212_5_11,0,0,1,/trinity/home/m.romanov/benchmarking/datasets/MIST_HER2/testB/89M2100212_5_11.jpg,/trinity/home/m.romanov/benchmarking/datasets/MIST_HER2/testA/89M2100212_5_11.jpg,0.5798832178115845
89M2100212,89M2100212_5_16,0,0,1,/trinity/home/m.romanov/benchmarking/datasets/MIST_HER2/testB/89M2100212_5_16.jpg,/trinity/home/m.romanov/benchmarking/datasets/MIST_HER2/testA/89M2100212_5_16.jpg,0.6116104125976562
89M2100212,89M2100212_5_21,0,0,1,/trinity/home/m.romanov/benchmarking/datasets/MIST_HER2/testB/89M2100212_5_21.jpg,/trinity/home/m.romanov/benchmarking/datasets/MIST_HER2/testA/89M2100212_5_21.jpg,0.5984636545181274
89M2100212,89M2100212_9_17,0,0,1,/trinity/home/m.romanov/benchmarking/datasets/MIST_HER2/testB/89M2100212_9_17.jpg,/trinity/home/m.romanov/benchmarking/datasets/MIST_HER2/testA/89M2100212_9_17.jpg,0.5994418859481812
89M2100212,89M2100212_9_22,0,0,1,/trinity/home/m.romanov/benchmarking/datasets/MIST_HER2/testB/89M2100212_9_22.jpg,/trinity/home/m.romanov/benchmarking/datasets/MIST_HER2/testA/89M2100212_9_22.jpg,0.6115273237228394
92M2100150,92M2100150_13_16,0,0,1,/trinity/home/m.romanov/benchmarking/datasets/MIST_HER2/testB/92M2100150_13_16.jpg,/trinity/home/m.romanov/benchmarking/datasets/MIST_HER2/testA/92M2100150_13_16.jpg,0.5749413967132568
92M2100150,92M2100150_13_8,0,0,1,/trinity/home/m.romanov/benchmarking/datasets/MIST_HER2/testB/92M2100150_13_8.jpg,/trinity/home/m.romanov/benchmarking/datasets/MIST_HER2/testA/92M2100150_13_8.jpg,0.5672478675842285
92M2100150,92M2100150_18_30,0,0,1,/trinity/home/m.romanov/benchmarking/datasets/MIST_HER2/testB/92M2100150_18_30.jpg,/trinity/home/m.romanov/benchmarking/datasets/MIST_HER2/testA/92M2100150_18_30.jpg,0.5551595091819763
92M2100150,92M2100150_20_18,0,0,1,/trinity/home/m.romanov/benchmarking/datasets/MIST_HER2/testB/92M2100150_20_18.jpg,/trinity/home/m.romanov/benchmarking/datasets/MIST_HER2/testA/92M2100150_20_18.jpg,0.5158210396766663
92M2100150,92M2100150_20_29,0,0,1,/trinity/home/m.romanov/benchmarking/datasets/MIST_HER2/testB/92M2100150_20_29.jpg,/trinity/home/m.romanov/benchmarking/datasets/MIST_HER2/testA/92M2100150_20_29.jpg,0.5944212675094604
93M2100147,93M2100147_13_10,0,0,1,/trinity/home/m.romanov/benchmarking/datasets/MIST_HER2/testB/93M2100147_13_10.jpg,/trinity/home/m.romanov/benchmarking/datasets/MIST_HER2/testA/93M2100147_13_10.jpg,0.7233583331108093
93M2100147,93M2100147_13_22,0,0,1,/trinity/home/m.romanov/benchmarking/datasets/MIST_HER2/testB/93M2100147_13_22.jpg,/trinity/home/m.romanov/benchmarking/datasets/MIST_HER2/testA/93M2100147_13_22.jpg,0.6449193358421326
97M2100034,97M2100034_14_19,0,0,1,/trinity/home/m.romanov/benchmarking/datasets/MIST_HER2/testB/97M2100034_14_19.jpg,/trinity/home/m.romanov/benchmarking/datasets/MIST_HER2/testA/97M2100034_14_19.jpg,0.5660361051559448
98M2004096,98M2004096_12_13,0,0,1,/trinity/home/m.romanov/benchmarking/datasets/MIST_HER2/testB/98M2004096_12_13.jpg,/trinity/home/m.romanov/benchmarking/datasets/MIST_HER2/testA/98M2004096_12_13.jpg,0.662972092628479
98M2004096,98M2004096_8_16,0,0,1,/trinity/home/m.romanov/benchmarking/datasets/MIST_HER2/testB/98M2004096_8_16.jpg,/trinity/home/m.romanov/benchmarking/datasets/MIST_HER2/testA/98M2004096_8_16.jpg,0.6946390867233276
100M2004069,100M2004069_25_16,0,0,2,/trinity/home/m.romanov/benchmarking/datasets/MIST_HER2/testB/100M2004069_25_16.jpg,/trinity/home/m.romanov/benchmarking/datasets/MIST_HER2/testA/100M2004069_25_16.jpg,0.5630431771278381
10M2102916,10M2102916_23_30,0,0,2,/trinity/home/m.romanov/benchmarking/datasets/MIST_HER2/testB/10M2102916_23_30.jpg,/trinity/home/m.romanov/benchmarking/datasets/MIST_HER2/testA/10M2102916_23_30.jpg,0.6375882625579834
10M2102916,10M2102916_30_7,0,0,2,/trinity/home/m.romanov/benchmarking/datasets/MIST_HER2/testB/10M2102916_30_7.jpg,/trinity/home/m.romanov/benchmarking/datasets/MIST_HER2/testA/10M2102916_30_7.jpg,0.6508299708366394
10M2102916,10M2102916_36_28,0,0,2,/trinity/home/m.romanov/benchmarking/datasets/MIST_HER2/testB/10M2102916_36_28.jpg,/trinity/home/m.romanov/benchmarking/datasets/MIST_HER2/testA/10M2102916_36_28.jpg,0.6361101269721985
10M2102916,10M2102916_38_17,0,0,2,/trinity/home/m.romanov/benchmarking/datasets/MIST_HER2/testB/10M2102916_38_17.jpg,/trinity/home/m.romanov/benchmarking/datasets/MIST_HER2/testA/10M2102916_38_17.jpg,0.7386987209320068
14M2102785,14M2102785_23_18,0,0,2,/trinity/home/m.romanov/benchmarking/datasets/MIST_HER2/testB/14M2102785_23_18.jpg,/trinity/home/m.romanov/benchmarking/datasets/MIST_HER2/testA/14M2102785_23_18.jpg,0.6059046387672424
14M2102785,14M2102785_24_13,0,0,2,/trinity/home/m.romanov/benchmarking/datasets/MIST_HER2/testB/14M2102785_24_13.jpg,/trinity/home/m.romanov/benchmarking/datasets/MIST_HER2/testA/14M2102785_24_13.jpg,0.6359732747077942
15M2102762,15M2102762_23_10,0,0,2,/trinity/home/m.romanov/benchmarking/datasets/MIST_HER2/testB/15M2102762_23_10.jpg,/trinity/home/m.romanov/benchmarking/datasets/MIST_HER2/testA/15M2102762_23_10.jpg,0.5950248837471008
16M2102718,16M2102718_13_26,0,0,2,/trinity/home/m.romanov/benchmarking/datasets/MIST_HER2/testB/16M2102718_13_26.jpg,/trinity/home/m.romanov/benchmarking/datasets/MIST_HER2/testA/16M2102718_13_26.jpg,0.5917403697967529
16M2102718,16M2102718_18_30,0,0,2,/trinity/home/m.romanov/benchmarking/datasets/MIST_HER2/testB/16M2102718_18_30.jpg,/trinity/home/m.romanov/benchmarking/datasets/MIST_HER2/testA/16M2102718_18_30.jpg,0.654461145401001
16M2102718,16M2102718_23_10,0,0,2,/trinity/home/m.romanov/benchmarking/datasets/MIST_HER2/testB/16M2102718_23_10.jpg,/trinity/home/m.romanov/benchmarking/datasets/MIST_HER2/testA/16M2102718_23_10.jpg,0.6612040996551514
19M2102438,19M2102438_14_22,0,0,2,/trinity/home/m.romanov/benchmarking/datasets/MIST_HER2/testB/19M2102438_14_22.jpg,/trinity/home/m.romanov/benchmarking/datasets/MIST_HER2/testA/19M2102438_14_22.jpg,0.7097224593162537
19M2102438,19M2102438_15_18,0,0,2,/trinity/home/m.romanov/benchmarking/datasets/MIST_HER2/testB/19M2102438_15_18.jpg,/trinity/home/m.romanov/benchmarking/datasets/MIST_HER2/testA/19M2102438_15_18.jpg,0.7276095151901245
19M2102438,19M2102438_31_16,0,0,2,/trinity/home/m.romanov/benchmarking/datasets/MIST_HER2/testB/19M2102438_31_16.jpg,/trinity/home/m.romanov/benchmarking/datasets/MIST_HER2/testA/19M2102438_31_16.jpg,0.7260177135467529
22M2102266,22M2102266_10_18,0,0,2,/trinity/home/m.romanov/benchmarking/datasets/MIST_HER2/testB/22M2102266_10_18.jpg,/trinity/home/m.romanov/benchmarking/datasets/MIST_HER2/testA/22M2102266_10_18.jpg,0.6512701511383057
22M2102266,22M2102266_12_16,0,0,2,/trinity/home/m.romanov/benchmarking/datasets/MIST_HER2/testB/22M2102266_12_16.jpg,/trinity/home/m.romanov/benchmarking/datasets/MIST_HER2/testA/22M2102266_12_16.jpg,0.6244096159934998
22M2102266,22M2102266_16_23,0,0,2,/trinity/home/m.romanov/benchmarking/datasets/MIST_HER2/testB/22M2102266_16_23.jpg,/trinity/home/m.romanov/benchmarking/datasets/MIST_HER2/testA/22M2102266_16_23.jpg,0.5939286947250366
22M2102266,22M2102266_19_18,0,0,2,/trinity/home/m.romanov/benchmarking/datasets/MIST_HER2/testB/22M2102266_19_18.jpg,/trinity/home/m.romanov/benchmarking/datasets/MIST_HER2/testA/22M2102266_19_18.jpg,0.6195515990257263
22M2102266,22M2102266_21_19,0,0,2,/trinity/home/m.romanov/benchmarking/datasets/MIST_HER2/testB/22M2102266_21_19.jpg,/trinity/home/m.romanov/benchmarking/datasets/MIST_HER2/testA/22M2102266_21_19.jpg,0.6185758113861084
23M2102136,23M2102136_12_21,0,0,2,/trinity/home/m.romanov/benchmarking/datasets/MIST_HER2/testB/23M2102136_12_21.jpg,/trinity/home/m.romanov/benchmarking/datasets/MIST_HER2/testA/23M2102136_12_21.jpg,0.5865399837493896
23M2102136,23M2102136_37_15,0,0,2,/trinity/home/m.romanov/benchmarking/datasets/MIST_HER2/testB/23M2102136_37_15.jpg,/trinity/home/m.romanov/benchmarking/datasets/MIST_HER2/testA/23M2102136_37_15.jpg,0.5894045829772949
27M2102007,27M2102007_10_16,0,0,2,/trinity/home/m.romanov/benchmarking/datasets/MIST_HER2/testB/27M2102007_10_16.jpg,/trinity/home/m.romanov/benchmarking/datasets/MIST_HER2/testA/27M2102007_10_16.jpg,0.6295595169067383
27M2102007,27M2102007_12_30,0,0,2,/trinity/home/m.romanov/benchmarking/datasets/MIST_HER2/testB/27M2102007_12_30.jpg,/trinity/home/m.romanov/benchmarking/datasets/MIST_HER2/testA/27M2102007_12_30.jpg,0.68459153175354
27M2102007,27M2102007_9_32,0,0,2,/trinity/home/m.romanov/benchmarking/datasets/MIST_HER2/testB/27M2102007_9_32.jpg,/trinity/home/m.romanov/benchmarking/datasets/MIST_HER2/testA/27M2102007_9_32.jpg,0.6333299279212952
28M2101987,28M2101987_12_31,0,0,2,/trinity/home/m.romanov/benchmarking/datasets/MIST_HER2/testB/28M2101987_12_31.jpg,/trinity/home/m.romanov/benchmarking/datasets/MIST_HER2/testA/28M2101987_12_31.jpg,0.6603492498397827
28M2101987,28M2101987_18_11,0,0,2,/trinity/home/m.romanov/benchmarking/datasets/MIST_HER2/testB/28M2101987_18_11.jpg,/trinity/home/m.romanov/benchmarking/datasets/MIST_HER2/testA/28M2101987_18_11.jpg,0.6516841650009155
28M2101987,28M2101987_23_25,0,0,2,/trinity/home/m.romanov/benchmarking/datasets/MIST_HER2/testB/28M2101987_23_25.jpg,/trinity/home/m.romanov/benchmarking/datasets/MIST_HER2/testA/28M2101987_23_25.jpg,0.6562187075614929
28M2101987,28M2101987_6_18,0,0,2,/trinity/home/m.romanov/benchmarking/datasets/MIST_HER2/testB/28M2101987_6_18.jpg,/trinity/home/m.romanov/benchmarking/datasets/MIST_HER2/testA/28M2101987_6_18.jpg,0.6147288084030151
30M2101953,30M2101953_12_18,0,0,2,/trinity/home/m.romanov/benchmarking/datasets/MIST_HER2/testB/30M2101953_12_18.jpg,/trinity/home/m.romanov/benchmarking/datasets/MIST_HER2/testA/30M2101953_12_18.jpg,0.5777318477630615
30M2101953,30M2101953_16_19,0,0,2,/trinity/home/m.romanov/benchmarking/datasets/MIST_HER2/testB/30M2101953_16_19.jpg,/trinity/home/m.romanov/benchmarking/datasets/MIST_HER2/testA/30M2101953_16_19.jpg,0.595341682434082
30M2101953,30M2101953_8_8,0,0,2,/trinity/home/m.romanov/benchmarking/datasets/MIST_HER2/testB/30M2101953_8_8.jpg,/trinity/home/m.romanov/benchmarking/datasets/MIST_HER2/testA/30M2101953_8_8.jpg,0.6201616525650024
31M2101871,31M2101871_10_21,0,0,2,/trinity/home/m.romanov/benchmarking/datasets/MIST_HER2/testB/31M2101871_10_21.jpg,/trinity/home/m.romanov/benchmarking/datasets/MIST_HER2/testA/31M2101871_10_21.jpg,0.5687382221221924
31M2101871,31M2101871_12_15,0,0,2,/trinity/home/m.romanov/benchmarking/datasets/MIST_HER2/testB/31M2101871_12_15.jpg,/trinity/home/m.romanov/benchmarking/datasets/MIST_HER2/testA/31M2101871_12_15.jpg,0.6246472001075745
31M2101871,31M2101871_29_14,0,0,2,/trinity/home/m.romanov/benchmarking/datasets/MIST_HER2/testB/31M2101871_29_14.jpg,/trinity/home/m.romanov/benchmarking/datasets/MIST_HER2/testA/31M2101871_29_14.jpg,0.6207008361816406
31M2101871,31M2101871_32_7,0,0,2,/trinity/home/m.romanov/benchmarking/datasets/MIST_HER2/testB/31M2101871_32_7.jpg,/trinity/home/m.romanov/benchmarking/datasets/MIST_HER2/testA/31M2101871_32_7.jpg,0.5490617752075195
31M2101871,31M2101871_37_19,0,0,2,/trinity/home/m.romanov/benchmarking/datasets/MIST_HER2/testB/31M2101871_37_19.jpg,/trinity/home/m.romanov/benchmarking/datasets/MIST_HER2/testA/31M2101871_37_19.jpg,0.5970645546913147
31M2101871,31M2101871_38_13,0,0,2,/trinity/home/m.romanov/benchmarking/datasets/MIST_HER2/testB/31M2101871_38_13.jpg,/trinity/home/m.romanov/benchmarking/datasets/MIST_HER2/testA/31M2101871_38_13.jpg,0.6134270429611206
31M2101871,31M2101871_6_23,0,0,2,/trinity/home/m.romanov/benchmarking/datasets/MIST_HER2/testB/31M2101871_6_23.jpg,/trinity/home/m.romanov/benchmarking/datasets/MIST_HER2/testA/31M2101871_6_23.jpg,0.5440478324890137
33M2101839,33M2101839_12_6,0,0,2,/trinity/home/m.romanov/benchmarking/datasets/MIST_HER2/testB/33M2101839_12_6.jpg,/trinity/home/m.romanov/benchmarking/datasets/MIST_HER2/testA/33M2101839_12_6.jpg,0.7177903652191162
33M2101839,33M2101839_13_14,0,0,2,/trinity/home/m.romanov/benchmarking/datasets/MIST_HER2/testB/33M2101839_13_14.jpg,/trinity/home/m.romanov/benchmarking/datasets/MIST_HER2/testA/33M2101839_13_14.jpg,0.6257282495498657
33M2101839,33M2101839_15_9,0,0,2,/trinity/home/m.romanov/benchmarking/datasets/MIST_HER2/testB/33M2101839_15_9.jpg,/trinity/home/m.romanov/benchmarking/datasets/MIST_HER2/testA/33M2101839_15_9.jpg,0.6718615293502808
35M2101733,35M2101733_9_3,0,0,2,/trinity/home/m.romanov/benchmarking/datasets/MIST_HER2/testB/35M2101733_9_3.jpg,/trinity/home/m.romanov/benchmarking/datasets/MIST_HER2/testA/35M2101733_9_3.jpg,0.5636447072029114
35M2101733,35M2101733_9_6,0,0,2,/trinity/home/m.romanov/benchmarking/datasets/MIST_HER2/testB/35M2101733_9_6.jpg,/trinity/home/m.romanov/benchmarking/datasets/MIST_HER2/testA/35M2101733_9_6.jpg,0.5952944159507751
44M2101492,44M2101492_12_17,0,0,2,/trinity/home/m.romanov/benchmarking/datasets/MIST_HER2/testB/44M2101492_12_17.jpg,/trinity/home/m.romanov/benchmarking/datasets/MIST_HER2/testA/44M2101492_12_17.jpg,0.5433962941169739
44M2101492,44M2101492_13_13,0,0,2,/trinity/home/m.romanov/benchmarking/datasets/MIST_HER2/testB/44M2101492_13_13.jpg,/trinity/home/m.romanov/benchmarking/datasets/MIST_HER2/testA/44M2101492_13_13.jpg,0.5299636125564575
44M2101492,44M2101492_18_29,0,0,2,/trinity/home/m.romanov/benchmarking/datasets/MIST_HER2/testB/44M2101492_18_29.jpg,/trinity/home/m.romanov/benchmarking/datasets/MIST_HER2/testA/44M2101492_18_29.jpg,0.5490347146987915
44M2101492,44M2101492_20_31,0,0,2,/trinity/home/m.romanov/benchmarking/datasets/MIST_HER2/testB/44M2101492_20_31.jpg,/trinity/home/m.romanov/benchmarking/datasets/MIST_HER2/testA/44M2101492_20_31.jpg,0.5470849871635437
44M2101492,44M2101492_21_26,0,0,2,/trinity/home/m.romanov/benchmarking/datasets/MIST_HER2/testB/44M2101492_21_26.jpg,/trinity/home/m.romanov/benchmarking/datasets/MIST_HER2/testA/44M2101492_21_26.jpg,0.5441918969154358
44M2101492,44M2101492_23_27,0,0,2,/trinity/home/m.romanov/benchmarking/datasets/MIST_HER2/testB/44M2101492_23_27.jpg,/trinity/home/m.romanov/benchmarking/datasets/MIST_HER2/testA/44M2101492_23_27.jpg,0.5280296802520752
44M2101492,44M2101492_28_27,0,0,2,/trinity/home/m.romanov/benchmarking/datasets/MIST_HER2/testB/44M2101492_28_27.jpg,/trinity/home/m.romanov/benchmarking/datasets/MIST_HER2/testA/44M2101492_28_27.jpg,0.5576663017272949
45M2101377,45M2101377_15_18,0,0,2,/trinity/home/m.romanov/benchmarking/datasets/MIST_HER2/testB/45M2101377_15_18.jpg,/trinity/home/m.romanov/benchmarking/datasets/MIST_HER2/testA/45M2101377_15_18.jpg,0.5494588613510132
45M2101377,45M2101377_26_11,0,0,2,/trinity/home/m.romanov/benchmarking/datasets/MIST_HER2/testB/45M2101377_26_11.jpg,/trinity/home/m.romanov/benchmarking/datasets/MIST_HER2/testA/45M2101377_26_11.jpg,0.5631381273269653
46M2101353,46M2101353_30_20,0,0,2,/trinity/home/m.romanov/benchmarking/datasets/MIST_HER2/testB/46M2101353_30_20.jpg,/trinity/home/m.romanov/benchmarking/datasets/MIST_HER2/testA/46M2101353_30_20.jpg,0.6288208961486816
46M2101353,46M2101353_30_22,0,0,2,/trinity/home/m.romanov/benchmarking/datasets/MIST_HER2/testB/46M2101353_30_22.jpg,/trinity/home/m.romanov/benchmarking/datasets/MIST_HER2/testA/46M2101353_30_22.jpg,0.634091854095459
47M2101316,47M2101316_15_29,0,0,2,/trinity/home/m.romanov/benchmarking/datasets/MIST_HER2/testB/47M2101316_15_29.jpg,/trinity/home/m.romanov/benchmarking/datasets/MIST_HER2/testA/47M2101316_15_29.jpg,0.5771812200546265
47M2101316,47M2101316_7_22,0,0,2,/trinity/home/m.romanov/benchmarking/datasets/MIST_HER2/testB/47M2101316_7_22.jpg,/trinity/home/m.romanov/benchmarking/datasets/MIST_HER2/testA/47M2101316_7_22.jpg,0.5727691054344177
48M2101314,48M2101314_23_34,0,0,2,/trinity/home/m.romanov/benchmarking/datasets/MIST_HER2/testB/48M2101314_23_34.jpg,/trinity/home/m.romanov/benchmarking/datasets/MIST_HER2/testA/48M2101314_23_34.jpg,0.6561428308486938
48M2101314,48M2101314_33_37,0,0,2,/trinity/home/m.romanov/benchmarking/datasets/MIST_HER2/testB/48M2101314_33_37.jpg,/trinity/home/m.romanov/benchmarking/datasets/MIST_HER2/testA/48M2101314_33_37.jpg,0.6336262226104736
4M2103059,4M2103059_19_16,0,0,2,/trinity/home/m.romanov/benchmarking/datasets/MIST_HER2/testB/4M2103059_19_16.jpg,/trinity/home/m.romanov/benchmarking/datasets/MIST_HER2/testA/4M2103059_19_16.jpg,0.5814110040664673
4M2103059,4M2103059_23_12,0,0,2,/trinity/home/m.romanov/benchmarking/datasets/MIST_HER2/testB/4M2103059_23_12.jpg,/trinity/home/m.romanov/benchmarking/datasets/MIST_HER2/testA/4M2103059_23_12.jpg,0.5970645546913147
4M2103059,4M2103059_24_21,0,0,2,/trinity/home/m.romanov/benchmarking/datasets/MIST_HER2/testB/4M2103059_24_21.jpg,/trinity/home/m.romanov/benchmarking/datasets/MIST_HER2/testA/4M2103059_24_21.jpg,0.6785589456558228
4M2103059,4M2103059_26_9,0,0,2,/trinity/home/m.romanov/benchmarking/datasets/MIST_HER2/testB/4M2103059_26_9.jpg,/trinity/home/m.romanov/benchmarking/datasets/MIST_HER2/testA/4M2103059_26_9.jpg,0.6010113954544067
50M2101298,50M2101298_15_12,0,0,2,/trinity/home/m.romanov/benchmarking/datasets/MIST_HER2/testB/50M2101298_15_12.jpg,/trinity/home/m.romanov/benchmarking/datasets/MIST_HER2/testA/50M2101298_15_12.jpg,0.5543813705444336
50M2101298,50M2101298_8_13,0,0,2,/trinity/home/m.romanov/benchmarking/datasets/MIST_HER2/testB/50M2101298_8_13.jpg,/trinity/home/m.romanov/benchmarking/datasets/MIST_HER2/testA/50M2101298_8_13.jpg,0.5219789743423462
50M2101298,50M2101298_9_12,0,0,2,/trinity/home/m.romanov/benchmarking/datasets/MIST_HER2/testB/50M2101298_9_12.jpg,/trinity/home/m.romanov/benchmarking/datasets/MIST_HER2/testA/50M2101298_9_12.jpg,0.5215956568717957
51M2101285,51M2101285_14_10,0,0,2,/trinity/home/m.romanov/benchmarking/datasets/MIST_HER2/testB/51M2101285_14_10.jpg,/trinity/home/m.romanov/benchmarking/datasets/MIST_HER2/testA/51M2101285_14_10.jpg,0.6875597238540649
51M2101285,51M2101285_29_18,0,0,2,/trinity/home/m.romanov/benchmarking/datasets/MIST_HER2/testB/51M2101285_29_18.jpg,/trinity/home/m.romanov/benchmarking/datasets/MIST_HER2/testA/51M2101285_29_18.jpg,0.5950684547424316
52M2101275,52M2101275_13_9,0,0,2,/trinity/home/m.romanov/benchmarking/datasets/MIST_HER2/testB/52M2101275_13_9.jpg,/trinity/home/m.romanov/benchmarking/datasets/MIST_HER2/testA/52M2101275_13_9.jpg,0.669417679309845
53M2101258,53M2101258_30_20,0,0,2,/trinity/home/m.romanov/benchmarking/datasets/MIST_HER2/testB/53M2101258_30_20.jpg,/trinity/home/m.romanov/benchmarking/datasets/MIST_HER2/testA/53M2101258_30_20.jpg,0.5469344854354858
53M2101258,53M2101258_32_19,0,0,2,/trinity/home/m.romanov/benchmarking/datasets/MIST_HER2/testB/53M2101258_32_19.jpg,/trinity/home/m.romanov/benchmarking/datasets/MIST_HER2/testA/53M2101258_32_19.jpg,0.630685567855835
56M2101083,56M2101083_36_26,0,0,2,/trinity/home/m.romanov/benchmarking/datasets/MIST_HER2/testB/56M2101083_36_26.jpg,/trinity/home/m.romanov/benchmarking/datasets/MIST_HER2/testA/56M2101083_36_26.jpg,0.7278414964675903
57M2101034,57M2101034_11_29,0,0,2,/trinity/home/m.romanov/benchmarking/datasets/MIST_HER2/testB/57M2101034_11_29.jpg,/trinity/home/m.romanov/benchmarking/datasets/MIST_HER2/testA/57M2101034_11_29.jpg,0.6446850299835205
57M2101034,57M2101034_3_22,0,0,2,/trinity/home/m.romanov/benchmarking/datasets/MIST_HER2/testB/57M2101034_3_22.jpg,/trinity/home/m.romanov/benchmarking/datasets/MIST_HER2/testA/57M2101034_3_22.jpg,0.6226168870925903
57M2101034,57M2101034_6_21,0,0,2,/trinity/home/m.romanov/benchmarking/datasets/MIST_HER2/testB/57M2101034_6_21.jpg,/trinity/home/m.romanov/benchmarking/datasets/MIST_HER2/testA/57M2101034_6_21.jpg,0.6522296667098999
58M2100997,58M2100997_11_15,0,0,2,/trinity/home/m.romanov/benchmarking/datasets/MIST_HER2/testB/58M2100997_11_15.jpg,/trinity/home/m.romanov/benchmarking/datasets/MIST_HER2/testA/58M2100997_11_15.jpg,0.675971508026123
60M2100980,60M2100980_18_21,0,0,2,/trinity/home/m.romanov/benchmarking/datasets/MIST_HER2/testB/60M2100980_18_21.jpg,/trinity/home/m.romanov/benchmarking/datasets/MIST_HER2/testA/60M2100980_18_21.jpg,0.6626518368721008
60M2100980,60M2100980_24_13,0,0,2,/trinity/home/m.romanov/benchmarking/datasets/MIST_HER2/testB/60M2100980_24_13.jpg,/trinity/home/m.romanov/benchmarking/datasets/MIST_HER2/testA/60M2100980_24_13.jpg,0.725453794002533
62M2100915,62M2100915_27_18,0,0,2,/trinity/home/m.romanov/benchmarking/datasets/MIST_HER2/testB/62M2100915_27_18.jpg,/trinity/home/m.romanov/benchmarking/datasets/MIST_HER2/testA/62M2100915_27_18.jpg,0.7084735035896301
62M2100915,62M2100915_32_19,0,0,2,/trinity/home/m.romanov/benchmarking/datasets/MIST_HER2/testB/62M2100915_32_19.jpg,/trinity/home/m.romanov/benchmarking/datasets/MIST_HER2/testA/62M2100915_32_19.jpg,0.7341123223304749
65M2100668,65M2100668_15_11,0,0,2,/trinity/home/m.romanov/benchmarking/datasets/MIST_HER2/testB/65M2100668_15_11.jpg,/trinity/home/m.romanov/benchmarking/datasets/MIST_HER2/testA/65M2100668_15_11.jpg,0.6144247651100159
65M2100668,65M2100668_21_23,0,0,2,/trinity/home/m.romanov/benchmarking/datasets/MIST_HER2/testB/65M2100668_21_23.jpg,/trinity/home/m.romanov/benchmarking/datasets/MIST_HER2/testA/65M2100668_21_23.jpg,0.6631476879119873
65M2100668,65M2100668_26_9,0,0,2,/trinity/home/m.romanov/benchmarking/datasets/MIST_HER2/testB/65M2100668_26_9.jpg,/trinity/home/m.romanov/benchmarking/datasets/MIST_HER2/testA/65M2100668_26_9.jpg,0.685947597026825
67M2100642,67M2100642_14_4,0,0,2,/trinity/home/m.romanov/benchmarking/datasets/MIST_HER2/testB/67M2100642_14_4.jpg,/trinity/home/m.romanov/benchmarking/datasets/MIST_HER2/testA/67M2100642_14_4.jpg,0.6858130693435669
67M2100642,67M2100642_23_9,0,0,2,/trinity/home/m.romanov/benchmarking/datasets/MIST_HER2/testB/67M2100642_23_9.jpg,/trinity/home/m.romanov/benchmarking/datasets/MIST_HER2/testA/67M2100642_23_9.jpg,0.6861300468444824
68M2100640,68M2100640_16_16,0,0,2,/trinity/home/m.romanov/benchmarking/datasets/MIST_HER2/testB/68M2100640_16_16.jpg,/trinity/home/m.romanov/benchmarking/datasets/MIST_HER2/testA/68M2100640_16_16.jpg,0.6979120969772339
69M2100632,69M2100632_18_3,0,0,2,/trinity/home/m.romanov/benchmarking/datasets/MIST_HER2/testB/69M2100632_18_3.jpg,/trinity/home/m.romanov/benchmarking/datasets/MIST_HER2/testA/69M2100632_18_3.jpg,0.6258096694946289
69M2100632,69M2100632_19_11,0,0,2,/trinity/home/m.romanov/benchmarking/datasets/MIST_HER2/testB/69M2100632_19_11.jpg,/trinity/home/m.romanov/benchmarking/datasets/MIST_HER2/testA/69M2100632_19_11.jpg,0.5808332562446594
6M2103024,6M2103024_17_17,0,0,2,/trinity/home/m.romanov/benchmarking/datasets/MIST_HER2/testB/6M2103024_17_17.jpg,/trinity/home/m.romanov/benchmarking/datasets/MIST_HER2/testA/6M2103024_17_17.jpg,0.6095530986785889
6M2103024,6M2103024_21_18,0,0,2,/trinity/home/m.romanov/benchmarking/datasets/MIST_HER2/testB/6M2103024_21_18.jpg,/trinity/home/m.romanov/benchmarking/datasets/MIST_HER2/testA/6M2103024_21_18.jpg,0.5912492871284485
6M2103024,6M2103024_5_8,0,0,2,/trinity/home/m.romanov/benchmarking/datasets/MIST_HER2/testB/6M2103024_5_8.jpg,/trinity/home/m.romanov/benchmarking/datasets/MIST_HER2/testA/6M2103024_5_8.jpg,0.5485947132110596
70M2100623,70M2100623_28_24,0,0,2,/trinity/home/m.romanov/benchmarking/datasets/MIST_HER2/testB/70M2100623_28_24.jpg,/trinity/home/m.romanov/benchmarking/datasets/MIST_HER2/testA/70M2100623_28_24.jpg,0.6748639941215515
74M2100526,74M2100526_15_6,0,0,2,/trinity/home/m.romanov/benchmarking/datasets/MIST_HER2/testB/74M2100526_15_6.jpg,/trinity/home/m.romanov/benchmarking/datasets/MIST_HER2/testA/74M2100526_15_6.jpg,0.6196612119674683
74M2100526,74M2100526_29_16,0,0,2,/trinity/home/m.romanov/benchmarking/datasets/MIST_HER2/testB/74M2100526_29_16.jpg,/trinity/home/m.romanov/benchmarking/datasets/MIST_HER2/testA/74M2100526_29_16.jpg,0.6479417085647583
75M2100521,75M2100521_10_13,0,0,2,/trinity/home/m.romanov/benchmarking/datasets/MIST_HER2/testB/75M2100521_10_13.jpg,/trinity/home/m.romanov/benchmarking/datasets/MIST_HER2/testA/75M2100521_10_13.jpg,0.6635476350784302
75M2100521,75M2100521_13_11,0,0,2,/trinity/home/m.romanov/benchmarking/datasets/MIST_HER2/testB/75M2100521_13_11.jpg,/trinity/home/m.romanov/benchmarking/datasets/MIST_HER2/testA/75M2100521_13_11.jpg,0.6715753078460693
75M2100521,75M2100521_15_20,0,0,2,/trinity/home/m.romanov/benchmarking/datasets/MIST_HER2/testB/75M2100521_15_20.jpg,/trinity/home/m.romanov/benchmarking/datasets/MIST_HER2/testA/75M2100521_15_20.jpg,0.6888703107833862
75M2100521,75M2100521_26_14,0,0,2,/trinity/home/m.romanov/benchmarking/datasets/MIST_HER2/testB/75M2100521_26_14.jpg,/trinity/home/m.romanov/benchmarking/datasets/MIST_HER2/testA/75M2100521_26_14.jpg,0.638483464717865
75M2100521,75M2100521_7_17,0,0,2,/trinity/home/m.romanov/benchmarking/datasets/MIST_HER2/testB/75M2100521_7_17.jpg,/trinity/home/m.romanov/benchmarking/datasets/MIST_HER2/testA/75M2100521_7_17.jpg,0.6519311666488647
76M2100485,76M2100485_20_14,0,0,2,/trinity/home/m.romanov/benchmarking/datasets/MIST_HER2/testB/76M2100485_20_14.jpg,/trinity/home/m.romanov/benchmarking/datasets/MIST_HER2/testA/76M2100485_20_14.jpg,0.589712917804718
76M2100485,76M2100485_25_23,0,0,2,/trinity/home/m.romanov/benchmarking/datasets/MIST_HER2/testB/76M2100485_25_23.jpg,/trinity/home/m.romanov/benchmarking/datasets/MIST_HER2/testA/76M2100485_25_23.jpg,0.5986518859863281
77M2100464,77M2100464_18_20,0,0,2,/trinity/home/m.romanov/benchmarking/datasets/MIST_HER2/testB/77M2100464_18_20.jpg,/trinity/home/m.romanov/benchmarking/datasets/MIST_HER2/testA/77M2100464_18_20.jpg,0.5731456875801086
77M2100464,77M2100464_33_24,0,0,2,/trinity/home/m.romanov/benchmarking/datasets/MIST_HER2/testB/77M2100464_33_24.jpg,/trinity/home/m.romanov/benchmarking/datasets/MIST_HER2/testA/77M2100464_33_24.jpg,0.5844216346740723
79M2100417,79M2100417_12_22,0,0,2,/trinity/home/m.romanov/benchmarking/datasets/MIST_HER2/testB/79M2100417_12_22.jpg,/trinity/home/m.romanov/benchmarking/datasets/MIST_HER2/testA/79M2100417_12_22.jpg,0.6540075540542603
79M2100417,79M2100417_19_15,0,0,2,/trinity/home/m.romanov/benchmarking/datasets/MIST_HER2/testB/79M2100417_19_15.jpg,/trinity/home/m.romanov/benchmarking/datasets/MIST_HER2/testA/79M2100417_19_15.jpg,0.64323890209198
79M2100417,79M2100417_20_20,0,0,2,/trinity/home/m.romanov/benchmarking/datasets/MIST_HER2/testB/79M2100417_20_20.jpg,/trinity/home/m.romanov/benchmarking/datasets/MIST_HER2/testA/79M2100417_20_20.jpg,0.6114082336425781
80M2100377,80M2100377_17_5,0,0,2,/trinity/home/m.romanov/benchmarking/datasets/MIST_HER2/testB/80M2100377_17_5.jpg,/trinity/home/m.romanov/benchmarking/datasets/MIST_HER2/testA/80M2100377_17_5.jpg,0.6655797958374023
80M2100377,80M2100377_24_31,0,0,2,/trinity/home/m.romanov/benchmarking/datasets/MIST_HER2/testB/80M2100377_24_31.jpg,/trinity/home/m.romanov/benchmarking/datasets/MIST_HER2/testA/80M2100377_24_31.jpg,0.6095001697540283
80M2100377,80M2100377_29_28,0,0,2,/trinity/home/m.romanov/benchmarking/datasets/MIST_HER2/testB/80M2100377_29_28.jpg,/trinity/home/m.romanov/benchmarking/datasets/MIST_HER2/testA/80M2100377_29_28.jpg,0.6102334260940552
81M2100356,81M2100356_29_24,0,0,2,/trinity/home/m.romanov/benchmarking/datasets/MIST_HER2/testB/81M2100356_29_24.jpg,/trinity/home/m.romanov/benchmarking/datasets/MIST_HER2/testA/81M2100356_29_24.jpg,0.6738938093185425
81M2100356,81M2100356_38_24,0,0,2,/trinity/home/m.romanov/benchmarking/datasets/MIST_HER2/testB/81M2100356_38_24.jpg,/trinity/home/m.romanov/benchmarking/datasets/MIST_HER2/testA/81M2100356_38_24.jpg,0.6347111463546753
83M2100256,83M2100256_28_18,0,0,2,/trinity/home/m.romanov/benchmarking/datasets/MIST_HER2/testB/83M2100256_28_18.jpg,/trinity/home/m.romanov/benchmarking/datasets/MIST_HER2/testA/83M2100256_28_18.jpg,0.5598526000976562
83M2100256,83M2100256_30_22,0,0,2,/trinity/home/m.romanov/benchmarking/datasets/MIST_HER2/testB/83M2100256_30_22.jpg,/trinity/home/m.romanov/benchmarking/datasets/MIST_HER2/testA/83M2100256_30_22.jpg,0.5461760759353638
88M2100218,88M2100218_14_26,0,0,2,/trinity/home/m.romanov/benchmarking/datasets/MIST_HER2/testB/88M2100218_14_26.jpg,/trinity/home/m.romanov/benchmarking/datasets/MIST_HER2/testA/88M2100218_14_26.jpg,0.6642190217971802
88M2100218,88M2100218_24_8,0,0,2,/trinity/home/m.romanov/benchmarking/datasets/MIST_HER2/testB/88M2100218_24_8.jpg,/trinity/home/m.romanov/benchmarking/datasets/MIST_HER2/testA/88M2100218_24_8.jpg,0.6890853643417358
88M2100218,88M2100218_25_23,0,0,2,/trinity/home/m.romanov/benchmarking/datasets/MIST_HER2/testB/88M2100218_25_23.jpg,/trinity/home/m.romanov/benchmarking/datasets/MIST_HER2/testA/88M2100218_25_23.jpg,0.6698461771011353
91M2100173,91M2100173_21_20,0,0,2,/trinity/home/m.romanov/benchmarking/datasets/MIST_HER2/testB/91M2100173_21_20.jpg,/trinity/home/m.romanov/benchmarking/datasets/MIST_HER2/testA/91M2100173_21_20.jpg,0.7016429901123047
91M2100173,91M2100173_5_12,0,0,2,/trinity/home/m.romanov/benchmarking/datasets/MIST_HER2/testB/91M2100173_5_12.jpg,/trinity/home/m.romanov/benchmarking/datasets/MIST_HER2/testA/91M2100173_5_12.jpg,0.5966333746910095
91M2100173,91M2100173_6_9,0,0,2,/trinity/home/m.romanov/benchmarking/datasets/MIST_HER2/testB/91M2100173_6_9.jpg,/trinity/home/m.romanov/benchmarking/datasets/MIST_HER2/testA/91M2100173_6_9.jpg,0.6006745100021362
92M2100150,92M2100150_1_28,0,0,2,/trinity/home/m.romanov/benchmarking/datasets/MIST_HER2/testB/92M2100150_1_28.jpg,/trinity/home/m.romanov/benchmarking/datasets/MIST_HER2/testA/92M2100150_1_28.jpg,0.6830633282661438
94M2100142,94M2100142_20_20,0,0,2,/trinity/home/m.romanov/benchmarking/datasets/MIST_HER2/testB/94M2100142_20_20.jpg,/trinity/home/m.romanov/benchmarking/datasets/MIST_HER2/testA/94M2100142_20_20.jpg,0.6498463153839111
94M2100142,94M2100142_8_10,0,0,2,/trinity/home/m.romanov/benchmarking/datasets/MIST_HER2/testB/94M2100142_8_10.jpg,/trinity/home/m.romanov/benchmarking/datasets/MIST_HER2/testA/94M2100142_8_10.jpg,0.7091887593269348
97M2100034,97M2100034_18_10,0,0,2,/trinity/home/m.romanov/benchmarking/datasets/MIST_HER2/testB/97M2100034_18_10.jpg,/trinity/home/m.romanov/benchmarking/datasets/MIST_HER2/testA/97M2100034_18_10.jpg,0.561181902885437
97M2100034,97M2100034_23_11,0,0,2,/trinity/home/m.romanov/benchmarking/datasets/MIST_HER2/testB/97M2100034_23_11.jpg,/trinity/home/m.romanov/benchmarking/datasets/MIST_HER2/testA/97M2100034_23_11.jpg,0.5093205571174622
97M2100034,97M2100034_26_16,0,0,2,/trinity/home/m.romanov/benchmarking/datasets/MIST_HER2/testB/97M2100034_26_16.jpg,/trinity/home/m.romanov/benchmarking/datasets/MIST_HER2/testA/97M2100034_26_16.jpg,0.5121519565582275
98M2004096,98M2004096_11_12,0,0,2,/trinity/home/m.romanov/benchmarking/datasets/MIST_HER2/testB/98M2004096_11_12.jpg,/trinity/home/m.romanov/benchmarking/datasets/MIST_HER2/testA/98M2004096_11_12.jpg,0.6842364072799683
98M2004096,98M2004096_20_11,0,0,2,/trinity/home/m.romanov/benchmarking/datasets/MIST_HER2/testB/98M2004096_20_11.jpg,/trinity/home/m.romanov/benchmarking/datasets/MIST_HER2/testA/98M2004096_20_11.jpg,0.6049473285675049
98M2004096,98M2004096_25_16,0,0,2,/trinity/home/m.romanov/benchmarking/datasets/MIST_HER2/testB/98M2004096_25_16.jpg,/trinity/home/m.romanov/benchmarking/datasets/MIST_HER2/testA/98M2004096_25_16.jpg,0.6435033082962036
98M2004096,98M2004096_34_7,0,0,2,/trinity/home/m.romanov/benchmarking/datasets/MIST_HER2/testB/98M2004096_34_7.jpg,/trinity/home/m.romanov/benchmarking/datasets/MIST_HER2/testA/98M2004096_34_7.jpg,0.6628297567367554
98M2004096,98M2004096_8_11,0,0,2,/trinity/home/m.romanov/benchmarking/datasets/MIST_HER2/testB/98M2004096_8_11.jpg,/trinity/home/m.romanov/benchmarking/datasets/MIST_HER2/testA/98M2004096_8_11.jpg,0.6829471588134766
99M2004082,99M2004082_11_20,0,0,2,/trinity/home/m.romanov/benchmarking/datasets/MIST_HER2/testB/99M2004082_11_20.jpg,/trinity/home/m.romanov/benchmarking/datasets/MIST_HER2/testA/99M2004082_11_20.jpg,0.7557356953620911
99M2004082,99M2004082_21_12,0,0,2,/trinity/home/m.romanov/benchmarking/datasets/MIST_HER2/testB/99M2004082_21_12.jpg,/trinity/home/m.romanov/benchmarking/datasets/MIST_HER2/testA/99M2004082_21_12.jpg,0.629433274269104
99M2004082,99M2004082_24_14,0,0,2,/trinity/home/m.romanov/benchmarking/datasets/MIST_HER2/testB/99M2004082_24_14.jpg,/trinity/home/m.romanov/benchmarking/datasets/MIST_HER2/testA/99M2004082_24_14.jpg,0.7041164040565491
99M2004082,99M2004082_27_17,0,0,2,/trinity/home/m.romanov/benchmarking/datasets/MIST_HER2/testB/99M2004082_27_17.jpg,/trinity/home/m.romanov/benchmarking/datasets/MIST_HER2/testA/99M2004082_27_17.jpg,0.6079128980636597
