metric,mean_score,std_score,auc_3class,auc_2class
ncc_mist_mpp1.0112_patches,0.11603637747034949,0.10476567067066578,0.7280637491163807,0.7632426931991633
ncc_patches,0.11555261532552734,0.10444931783536829,0.726479660690187,0.7633557578155917
lpips_mist_mpp1.0112_downsample,0.5791973418983302,0.04861982762272629,0.7186122357174988,0.6569054214483577
lpips_downsample,0.5851644325749319,0.048611040932286735,0.7138953152111046,0.6478602521340946
lpips_mist_mpp1.0112_patches,0.5699334107619479,0.04740745251763361,0.7040775014459225,0.6534004183390808
lpips_patches,0.5764862329215932,0.04734840989133926,0.7026219394640448,0.6516479167844423
ncc_mist_mpp1.0112_downsample,0.1597826178845685,0.13339090897013373,0.6701947175631385,0.7514839730906213
ncc_downsample,0.1589399704224542,0.13270361413255374,0.6687825332562175,0.7511447792413364
ncc_full,0.12437598962133548,0.10807926476845481,0.6599736520789152,0.7374639606535134
ncc_mist_mpp1.0112_full,0.12667011745905424,0.10977307369153447,0.6553675856307436,0.7383119452767256
lpips_mist_mpp1.0112_full,0.61980724222678,0.04931688360937507,0.5953714414240731,0.5749901068460626
lpips_full,0.603986892933236,0.042139760146560484,0.55522781312255,0.5649273559839447
